,African-American/Black,Asian/Asian American,Employed - Full Time,Employed - Part Time,Hispanic/Latino,Middle Eastern/Southwest Asian,Native American/Alaskan Native,North African,Pacific Islander,Retired,Student,Unemployed,White,age,assignment,comfortable,education,externally,friendly,hardworking,knowledgeable,leadership,motivated,orientation,others_above,others_below,peers,positive,project,pronouns,region,sincere,situation,survey_source,work_with
15,1,0,1,0,0,0,0,0,0,0,0,0,0,41 - 50,Control,5,Bachelor's Degree,5,5,5,5,5,5,Heterosexual,5,5,5,5,5,He/his,Southwestern United States,5,5,AWS,5
16,0,0,1,0,0,0,0,0,0,0,0,0,1,31 - 40,Control,6,Master's Degree,2,5,5,6,5,6,Heterosexual,2,6,5,5,5,He/his,Southeastern United States,5,6,AWS,5
19,0,0,0,1,0,0,0,0,0,0,0,0,1,Over 60,Control,6,Master's Degree,6,6,5,7,7,6,Heterosexual,6,6,6,6,6,He/his,Southeastern United States,6,6,AWS,6
21,0,0,0,0,0,0,0,0,0,0,0,0,1,41 - 50,Control,5,Master's Degree,5,5,6,6,5,6,Heterosexual,6,7,6,6,5,She/hers,Northeastern United States,6,7,AWS,5
31,0,1,1,0,0,0,0,0,0,0,0,0,0,31 - 40,Control,6,Bachelor's Degree,3,6,6,6,6,6,Heterosexual,6,5,6,7,5,He/his,Not located in United States,7,7,AWS,6
32,0,0,1,0,1,0,0,0,0,0,0,0,0,22 - 30,Control,5,Bachelor's Degree,5,6,5,7,5,6,Heterosexual,5,5,4,7,4,He/his,Midwestern United States,5,5,AWS,4
33,0,1,1,0,0,0,0,0,0,0,0,0,0,22 - 30,Control,6,Bachelor's Degree,6,7,5,6,5,5,Heterosexual,6,6,6,6,6,She/hers,Not located in United States,6,5,AWS,4
40,0,0,1,0,0,0,1,0,0,0,0,0,0,22 - 30,Control,5,Bachelor's Degree,7,6,4,4,5,5,Heterosexual,4,6,5,7,6,He/his,Southwestern United States,7,5,AWS,5
45,0,1,1,0,0,0,0,0,0,0,0,0,0,22 - 30,Control,5,Bachelor's Degree,5,5,6,5,4,5,Asexual,5,5,4,5,5,He/his,Southeastern United States,5,6,AWS,5
48,0,0,1,0,1,0,0,0,0,0,0,0,0,22 - 30,Control,5,Bachelor's Degree,4,4,4,7,5,3,Heterosexual,5,5,6,3,5,He/his,Western United States,5,6,AWS,5
49,1,0,1,0,0,0,0,0,0,0,0,0,0,31 - 40,Control,5,Master's Degree,5,5,5,5,5,5,Heterosexual,5,5,5,5,5,He/his,Southwestern United States,5,5,AWS,5
50,0,0,1,0,0,0,0,0,0,0,0,0,1,22 - 30,Control,3,Bachelor's Degree,3,4,3,5,5,5,Heterosexual,6,3,5,3,4,He/his,Northeastern United States,5,4,AWS,3
51,0,0,1,0,0,0,0,0,0,0,0,0,1,22 - 30,Control,6,Bachelor's Degree,4,3,4,6,4,5,Bisexual,6,3,5,6,5,He/his,Southwestern United States,5,6,AWS,4
53,0,1,1,0,0,0,0,0,0,0,0,0,0,22 - 30,Control,6,Bachelor's Degree,7,6,7,6,7,7,Bisexual,7,7,6,6,6,He/his,Southeastern United States,6,6,AWS,7
57,0,0,1,0,0,0,0,0,0,0,0,0,1,22 - 30,Control,5,Bachelor's Degree,4,5,5,6,6,4,Heterosexual,6,4,5,6,5,She/hers,Northeastern United States,5,5,AWS,5
65,0,1,1,0,0,0,0,0,0,0,0,0,0,22 - 30,Control,7,Bachelor's Degree,6,7,6,7,6,6,Bisexual,7,6,6,7,6,She/hers,Northeastern United States,6,7,AWS,5
73,0,1,0,1,0,0,0,0,0,0,0,0,0,31 - 40,Control,5,Master's Degree,4,6,5,6,5,5,Decline to state,4,4,4,5,5,He/his,Northeastern United States,5,6,AWS,5
77,0,0,0,1,0,0,0,0,0,0,0,0,1,31 - 40,Control,5,Master's Degree,5,6,5,5,5,6,Heterosexual,5,6,6,5,5,He/his,Not located in United States,4,5,AWS,5
86,0,1,0,1,0,0,0,0,0,0,0,0,0,22 - 30,Control,6,Master's Degree,5,5,5,6,6,5,Heterosexual,6,5,5,6,5,She/hers,Not located in United States,6,5,AWS,5
87,0,0,1,0,0,0,0,0,0,0,0,0,1,22 - 30,Control,3,Bachelor's Degree,6,3,4,5,7,6,Bisexual,5,5,2,3,4,He/his,Not located in United States,4,6,AWS,2
90,0,0,1,0,0,0,0,0,0,0,0,0,1,22 - 30,Control,6,Bachelor's Degree,6,5,3,4,5,5,Bisexual,6,4,6,6,4,She/hers,Northeastern United States,5,6,AWS,7
92,0,0,1,0,0,0,0,0,0,0,0,0,1,22 - 30,Control,5,Bachelor's Degree,5,5,5,4,5,6,Heterosexual,6,6,5,6,6,She/hers,Southwestern United States,5,5,AWS,4
93,1,0,0,1,0,0,0,0,0,0,0,0,0,22 - 30,Control,6,Some undergraduate college or post-secondary school,6,6,5,6,7,6,Decline to state,6,6,6,7,5,He/his,Northeastern United States,7,6,AWS,7
96,0,1,1,0,0,0,0,0,0,0,0,0,0,22 - 30,Control,6,Bachelor's Degree,5,6,6,5,7,7,Heterosexual,6,6,6,5,6,He/his,Not located in United States,7,7,AWS,6
99,0,1,1,0,0,0,0,0,0,0,0,0,0,22 - 30,Control,6,Bachelor's Degree,7,6,6,7,7,7,Bisexual,7,6,7,6,7,She/hers,Southwestern United States,6,7,AWS,6
100,0,1,1,0,0,0,0,0,0,0,0,0,0,22 - 30,Control,7,Bachelor's Degree,7,6,6,6,7,6,Heterosexual,7,6,6,6,7,She/hers,Southeastern United States,7,6,AWS,6
106,0,1,1,0,0,0,0,0,0,0,0,0,0,22 - 30,Control,6,Bachelor's Degree,5,6,6,5,6,6,Heterosexual,6,5,6,7,5,He/his,Not located in United States,7,6,AWS,7
111,0,1,1,0,0,0,0,0,0,0,0,0,1,22 - 30,Control,5,Bachelor's Degree,6,5,5,4,6,5,Bisexual,4,3,7,5,6,He/his,Southwestern United States,2,4,AWS,4
112,0,0,1,0,0,0,0,0,0,0,0,0,1,22 - 30,Control,6,Ph. D.,5,5,5,5,5,5,Heterosexual,5,5,5,5,5,He/his,Southwestern United States,5,5,AWS,5
114,0,1,1,0,0,0,0,0,0,0,0,0,0,31 - 40,Control,7,Master's Degree,7,7,7,7,7,7,Heterosexual,7,7,7,7,7,He/his,Not located in United States,7,7,AWS,7
116,0,0,1,0,0,0,0,0,0,0,0,0,1,22 - 30,Control,6,Master's Degree,3,6,6,6,6,4,Heterosexual,6,6,6,7,6,She/hers,Northeastern United States,6,6,AWS,6
129,0,0,1,0,1,0,0,0,0,0,0,0,1,31 - 40,Control,6,Some graduate college,2,6,4,5,4,5,Heterosexual,3,6,6,5,3,She/hers,Southeastern United States,5,4,AWS,4
131,0,0,1,0,0,0,0,0,0,0,0,0,1,31 - 40,Control,7,Bachelor's Degree,7,7,7,7,7,7,Bisexual,7,7,7,7,7,He/his,Not located in United States,7,7,AWS,7
146,0,0,0,0,1,0,0,0,0,0,1,0,1,22 - 30,Control,6,Bachelor's Degree,3,5,5,5,6,5,Heterosexual,4,4,5,6,5,He/his,Not located in United States,6,5,AWS,6
149,0,0,1,0,0,0,0,0,0,0,0,0,1,22 - 30,Control,6,Bachelor's Degree,5,4,4,3,4,5,Heterosexual,5,5,4,6,4,She/hers,Northeastern United States,3,6,AWS,3
156,0,1,1,0,0,0,0,0,0,0,0,0,0,22 - 30,Control,4,Bachelor's Degree,5,6,4,4,3,5,Heterosexual,5,4,4,5,5,She/hers,Not located in United States,6,5,AWS,4
157,0,0,0,0,0,0,0,0,0,1,0,0,1,51 - 60,Control,6,High School/GED,4,6,6,6,7,6,Heterosexual,6,6,5,6,6,She/hers,Southeastern United States,5,6,AWS,5
159,0,0,1,0,0,0,0,0,0,0,0,0,1,22 - 30,Control,4,Bachelor's Degree,6,2,5,3,4,7,Bisexual,4,6,6,5,4,He/his,Southwestern United States,6,6,AWS,5
160,0,1,1,0,0,0,0,0,0,0,0,0,1,22 - 30,Control,4,Master's Degree,7,3,6,4,5,6,Heterosexual,4,4,5,5,5,He/his,Northeastern United States,6,5,AWS,6
166,0,1,1,0,0,0,0,0,0,0,0,0,0,31 - 40,Control,5,Bachelor's Degree,6,4,6,5,6,5,Bisexual,6,6,5,4,5,She/hers,Western United States,5,6,AWS,5
168,0,1,1,0,0,0,0,0,0,0,0,0,0,22 - 30,Control,7,Bachelor's Degree,7,7,7,6,5,7,Bisexual,7,7,6,6,6,He/his,Southeastern United States,7,6,AWS,6
174,0,1,0,1,0,0,0,0,0,0,1,0,0,22 - 30,Control,3,Bachelor's Degree,3,6,6,6,6,6,Heterosexual,3,3,3,6,3,He/his,Western United States,6,3,AWS,3
176,0,1,1,0,0,0,0,0,0,0,0,0,0,51 - 60,Control,3,Bachelor's Degree,3,3,6,5,4,6,Heterosexual,4,4,4,4,3,She/hers,Northeastern United States,3,4,AWS,3
184,0,0,1,0,0,0,0,0,0,0,0,0,1,51 - 60,Control,4,Some undergraduate college or post-secondary school,3,5,4,4,4,5,Heterosexual,2,5,5,5,3,Not listed,Southwestern United States,5,3,AWS,4
187,0,0,1,0,0,1,0,0,0,0,0,0,0,41 - 50,Control,6,Bachelor's Degree,6,7,7,6,7,7,Heterosexual,6,6,7,7,7,He/his,Not located in United States,7,7,AWS,7
190,1,0,1,0,0,0,0,0,0,0,0,0,0,22 - 30,Control,6,Bachelor's Degree,4,5,6,6,6,6,Heterosexual,7,7,6,6,4,He/his,Southeastern United States,6,6,AWS,6
198,0,1,1,0,0,0,0,0,0,0,0,0,0,22 - 30,Control,4,Bachelor's Degree,5,6,6,6,6,5,Heterosexual,6,6,5,5,5,She/hers,Southeastern United States,5,5,AWS,6
200,0,1,1,0,0,0,0,0,0,0,0,0,0,22 - 30,Control,7,Bachelor's Degree,6,6,7,6,6,7,Bisexual,6,6,7,7,6,He/his,Southeastern United States,7,7,AWS,6
201,0,0,1,0,0,0,0,0,0,0,0,0,1,31 - 40,Control,6,Bachelor's Degree,2,5,7,6,4,6,Heterosexual,3,7,7,5,4,He/his,Not located in United States,5,5,AWS,4
203,0,0,1,0,0,0,0,0,0,0,0,0,1,22 - 30,Control,6,Bachelor's Degree,5,5,6,4,4,5,Bisexual,6,5,6,4,4,He/his,Southwestern United States,5,5,AWS,4
204,0,1,1,0,0,0,0,0,0,0,0,0,0,22 - 30,Control,5,Bachelor's Degree,6,5,6,6,6,5,Heterosexual,5,6,6,6,6,He/his,Not located in United States,6,6,AWS,6
210,0,1,1,0,0,0,0,0,0,0,0,0,0,22 - 30,Control,7,Bachelor's Degree,6,6,6,7,6,6,Bisexual,7,7,6,7,6,She/hers,Western United States,7,7,AWS,6
211,0,1,1,0,0,0,0,0,0,0,0,0,0,22 - 30,Control,6,Master's Degree,6,7,6,7,6,5,Heterosexual,5,6,7,7,5,She/hers,Southeastern United States,6,7,AWS,6
213,0,1,0,0,0,0,0,0,0,0,1,0,0,Under 21,Control,5,Bachelor's Degree,4,5,4,4,5,4,Decline to state,3,3,3,6,5,Not listed,Not located in United States,6,5,AWS,5
216,0,1,1,0,0,0,0,0,0,0,0,0,0,22 - 30,Control,5,Bachelor's Degree,4,5,6,5,6,5,Heterosexual,5,4,5,5,5,He/his,Not located in United States,5,5,AWS,6
218,0,1,1,0,0,0,0,0,0,0,0,0,0,22 - 30,Control,5,Bachelor's Degree,7,6,7,5,7,6,Heterosexual,5,6,6,6,7,She/hers,Southeastern United States,5,6,AWS,7
225,0,1,1,0,0,0,0,0,0,0,0,0,0,22 - 30,Control,6,Bachelor's Degree,5,7,5,6,5,6,Heterosexual,6,5,5,6,7,He/his,Not located in United States,6,5,AWS,7
226,0,0,0,1,0,0,0,0,0,0,0,0,1,51 - 60,Control,6,Some undergraduate college or post-secondary school,5,5,6,5,5,6,Heterosexual,5,6,6,5,5,She/hers,Northeastern United States,6,5,AWS,5
230,0,1,1,0,0,0,0,0,0,0,0,0,0,22 - 30,Control,5,Bachelor's Degree,5,5,5,5,6,5,Asexual,3,4,5,6,5,He/his,Northeastern United States,6,5,AWS,6
234,0,1,1,0,0,0,0,0,0,0,0,0,0,22 - 30,Control,6,Bachelor's Degree,6,6,7,7,7,7,Bisexual,6,7,6,7,7,She/hers,Southeastern United States,6,6,AWS,7
238,0,0,1,0,0,0,0,0,0,0,0,0,1,31 - 40,Control,3,High School/GED,5,5,5,6,3,6,Heterosexual,1,5,5,5,2,He/his,Midwestern United States,5,5,AWS,3
239,0,1,1,0,0,0,0,0,0,0,0,0,0,22 - 30,Control,6,Master's Degree,5,6,7,6,6,6,Heterosexual,6,7,6,6,7,He/his,Southwestern United States,6,6,AWS,7
240,1,0,1,0,0,0,0,0,0,0,0,0,0,31 - 40,Control,7,Master's Degree,7,7,7,7,7,7,Heterosexual,7,7,7,7,7,She/hers,Not located in United States,7,7,AWS,7
243,0,1,1,0,0,0,0,0,0,0,0,0,0,22 - 30,Control,6,Bachelor's Degree,7,6,6,7,7,7,Heterosexual,6,6,6,7,7,Decline to state,Southeastern United States,6,6,AWS,7
246,1,0,1,0,0,0,0,0,0,0,0,0,0,31 - 40,Control,6,Bachelor's Degree,6,7,7,6,7,6,Heterosexual,5,4,5,7,7,He/his,Southeastern United States,7,6,AWS,6
247,0,0,1,0,0,0,0,0,0,0,0,0,1,22 - 30,Control,7,Master's Degree,7,7,5,7,7,7,Heterosexual,3,7,7,7,2,He/his,Northeastern United States,7,7,AWS,7
254,0,0,1,0,1,0,0,0,0,0,0,0,0,22 - 30,Control,6,Bachelor's Degree,6,6,7,6,6,7,Heterosexual,7,6,7,6,6,He/his,Southeastern United States,6,6,AWS,7
255,0,0,0,1,0,0,0,0,0,0,0,0,1,51 - 60,Control,6,Some undergraduate college or post-secondary school,4,6,5,6,5,5,Heterosexual,6,6,5,6,5,He/his,Not located in United States,6,6,AWS,5
258,0,0,1,0,1,0,0,0,0,0,0,0,0,22 - 30,Control,3,Ph. D.,5,3,5,6,5,5,Heterosexual,3,6,6,5,3,He/his,Southeastern United States,3,6,AWS,3
259,0,0,1,0,0,0,0,0,0,0,0,0,1,Over 60,Control,6,Master's Degree,1,6,6,6,5,6,Heterosexual,1,6,6,6,6,She/hers,Southeastern United States,6,6,AWS,6
260,0,0,1,0,0,0,0,0,0,0,0,0,1,22 - 30,Control,4,Bachelor's Degree,6,5,5,6,5,5,Bisexual,5,5,4,6,4,She/hers,Midwestern United States,5,6,AWS,5
264,0,1,1,0,0,0,0,0,0,0,0,0,0,22 - 30,Control,6,Some graduate college,6,6,6,6,6,6,Bisexual,6,6,6,6,6,He/his,Southeastern United States,6,6,AWS,6
269,0,1,1,0,0,0,0,0,0,0,0,0,0,22 - 30,Control,6,Bachelor's Degree,7,5,7,6,7,6,Heterosexual,6,6,6,6,7,He/his,Southeastern United States,6,5,AWS,6
275,0,0,1,0,1,0,0,0,0,0,0,0,0,22 - 30,Control,6,Bachelor's Degree,5,7,7,6,7,6,Bisexual,7,7,6,7,7,He/his,Southwestern United States,6,6,AWS,7
276,1,0,1,0,0,0,0,0,0,0,0,0,0,31 - 40,Control,6,Bachelor's Degree,6,6,6,6,6,6,Heterosexual,6,6,7,6,6,He/his,Midwestern United States,6,6,AWS,6
277,0,0,1,0,0,0,0,0,0,0,0,0,1,22 - 30,Control,7,Bachelor's Degree,7,6,6,7,7,7,Heterosexual,7,7,7,7,7,He/his,Not located in United States,7,7,AWS,7
283,0,0,0,0,0,0,0,0,0,0,0,1,1,41 - 50,Control,4,Some undergraduate college or post-secondary school,4,6,4,6,6,5,Heterosexual,6,7,7,4,4,He/his,Not located in United States,4,6,AWS,4
284,0,1,1,0,0,0,0,0,0,0,0,0,0,22 - 30,Control,6,Bachelor's Degree,6,6,7,6,6,7,Bisexual,6,7,6,7,7,She/hers,Southeastern United States,7,7,AWS,7
285,0,1,0,0,0,0,0,0,0,0,0,1,0,22 - 30,Control,7,Master's Degree,4,7,7,6,6,6,Heterosexual,5,4,6,6,6,She/hers,Not located in United States,7,6,AWS,6
287,0,0,1,0,1,0,0,0,0,0,0,0,0,22 - 30,Control,7,Bachelor's Degree,6,4,6,3,4,4,Heterosexual,5,4,4,4,4,He/his,Southeastern United States,5,6,AWS,5
288,0,0,0,1,0,0,0,0,0,0,0,0,1,41 - 50,Control,6,Bachelor's Degree,3,6,6,5,5,6,Heterosexual,3,6,5,6,6,She/hers,Southeastern United States,6,6,AWS,6
291,0,1,1,0,0,0,0,0,0,0,0,0,0,22 - 30,Control,5,Some graduate college,6,6,6,6,6,6,Bisexual,6,6,5,6,6,He/his,Southeastern United States,6,6,AWS,6
292,0,1,1,0,0,0,0,0,0,0,0,0,0,22 - 30,Control,6,Bachelor's Degree,5,5,4,6,6,5,Heterosexual,5,6,4,6,6,She/hers,Southeastern United States,6,5,AWS,5
293,0,0,1,0,0,0,0,0,0,0,0,0,1,22 - 30,Control,6,Master's Degree,1,7,6,7,6,6,Bisexual,4,6,4,6,6,He/his,Western United States,6,6,AWS,6
297,0,0,0,1,0,0,0,0,0,0,0,0,1,51 - 60,Control,6,Master's Degree,4,6,6,6,5,6,Heterosexual,6,6,6,5,5,She/hers,Midwestern United States,6,6,AWS,5
298,0,1,1,0,0,0,0,0,0,0,0,0,0,22 - 30,Control,4,Bachelor's Degree,6,6,5,7,6,5,Bisexual,5,5,7,7,6,He/his,Southeastern United States,6,6,AWS,7
301,0,0,0,0,0,0,0,0,0,0,0,1,1,22 - 30,Control,5,Bachelor's Degree,1,6,4,5,4,5,Heterosexual,1,7,6,4,4,She/hers,Not located in United States,5,6,AWS,4
302,0,1,1,0,0,0,0,0,0,0,0,0,0,22 - 30,Control,6,Bachelor's Degree,5,7,5,6,6,6,Asexual,5,6,7,7,6,He/his,Southwestern United States,6,5,AWS,5
303,0,1,1,0,0,0,0,0,0,0,0,0,0,22 - 30,Control,5,Bachelor's Degree,6,6,5,6,5,5,Bisexual,5,6,5,6,6,He/his,Southeastern United States,7,6,AWS,5
307,0,1,1,0,0,0,0,0,0,0,0,0,0,31 - 40,Control,6,Bachelor's Degree,5,6,5,6,6,6,Heterosexual,6,5,6,6,5,He/his,Northeastern United States,6,5,AWS,6
311,0,1,1,0,0,0,0,0,0,0,0,0,0,22 - 30,Control,6,Bachelor's Degree,6,7,7,6,6,7,Bisexual,7,7,6,7,6,Decline to state,Northeastern United States,7,6,AWS,7
316,0,0,1,0,0,0,0,0,0,0,0,0,1,22 - 30,Control,4,Bachelor's Degree,4,4,4,6,4,5,Heterosexual,5,6,5,4,4,She/hers,Southeastern United States,4,6,AWS,4
319,0,1,1,0,0,0,0,0,0,0,0,0,0,22 - 30,Control,6,Bachelor's Degree,5,5,5,6,5,4,Bisexual,6,4,6,6,5,He/his,Not located in United States,5,5,AWS,5
324,0,0,0,0,0,0,0,0,0,0,1,0,1,22 - 30,Control,3,Some undergraduate college or post-secondary school,1,5,4,5,4,5,Heterosexual,1,5,5,3,3,She/hers,Not located in United States,4,5,AWS,2
325,0,1,1,0,0,0,0,0,0,0,0,0,0,22 - 30,Control,7,Bachelor's Degree,6,6,6,7,7,6,Heterosexual,6,6,7,6,6,He/his,Southeastern United States,6,6,AWS,6
327,0,0,0,0,0,0,0,0,0,1,0,0,1,Over 60,Control,5,High School/GED,3,5,4,5,5,6,Heterosexual,5,5,5,5,5,She/hers,Southwestern United States,5,7,AWS,5
328,0,1,1,0,0,0,0,0,0,0,0,0,0,22 - 30,Control,6,Bachelor's Degree,7,5,6,7,5,7,Bisexual,6,5,6,5,6,She/hers,Not located in United States,6,5,AWS,7
329,0,0,0,1,0,0,0,0,0,0,0,0,1,31 - 40,Control,5,Bachelor's Degree,5,4,5,5,5,5,Heterosexual,5,5,5,4,5,They/theirs,Not located in United States,5,5,AWS,4
332,0,1,0,1,0,0,0,0,0,0,0,0,0,22 - 30,Control,3,Master's Degree,7,3,4,6,4,4,Heterosexual,3,5,4,4,3,She/hers,Northeastern United States,4,4,AWS,3
336,0,1,1,0,0,0,0,0,0,0,0,0,0,22 - 30,Control,6,Bachelor's Degree,7,7,7,7,6,6,Pansexual,7,6,6,6,7,She/hers,Midwestern United States,7,6,AWS,7
337,0,1,1,0,0,0,0,0,0,0,0,0,0,22 - 30,Control,5,Bachelor's Degree,6,6,5,7,4,7,Bisexual,4,6,6,7,6,She/hers,Not located in United States,5,5,AWS,6
341,0,1,1,0,0,0,0,0,0,0,0,0,0,22 - 30,Control,6,Bachelor's Degree,7,6,6,7,6,7,Bisexual,7,7,6,6,7,He/his,Southeastern United States,7,6,AWS,6
344,0,0,1,0,0,0,0,0,0,0,0,0,1,51 - 60,Control,4,Master's Degree,1,5,5,5,4,5,Heterosexual,4,5,4,5,4,She/hers,Northeastern United States,5,4,AWS,4
346,0,0,1,0,0,0,0,0,0,0,1,0,1,22 - 30,Control,5,Bachelor's Degree,2,6,5,6,5,5,Heterosexual,4,3,4,5,5,He/his,Not located in United States,6,5,AWS,6
347,0,1,1,0,0,0,0,0,0,0,0,0,0,22 - 30,Control,6,Bachelor's Degree,6,5,6,6,5,6,Bisexual,5,5,5,5,5,She/hers,Not located in United States,5,5,AWS,5
355,1,0,1,0,0,0,0,0,0,0,0,0,1,22 - 30,Control,6,Master's Degree,2,6,6,6,6,6,Bisexual,5,6,6,6,6,She/hers,Northeastern United States,6,6,AWS,6
356,0,1,1,0,0,0,0,0,0,0,0,0,0,22 - 30,Control,7,Bachelor's Degree,6,6,6,6,7,7,Bisexual,7,6,7,6,6,He/his,Not located in United States,6,7,AWS,7
358,0,1,1,0,0,0,0,0,0,0,0,0,0,22 - 30,Control,6,Bachelor's Degree,6,6,5,7,5,5,Bisexual,6,7,4,5,7,She/hers,Not located in United States,7,6,AWS,6
361,0,1,1,0,0,0,0,0,0,0,0,0,0,22 - 30,Control,6,Bachelor's Degree,6,7,7,6,7,5,Bisexual,6,7,6,7,6,She/hers,Southeastern United States,5,7,AWS,6
364,0,1,1,0,0,0,0,0,0,0,0,0,0,22 - 30,Control,6,Bachelor's Degree,6,7,7,6,5,7,Bisexual,5,6,6,5,6,He/his,Not located in United States,5,6,AWS,7
366,0,1,1,0,0,0,0,0,0,0,0,0,0,22 - 30,Control,6,Bachelor's Degree,1,6,6,6,6,6,Heterosexual,2,5,6,6,6,He/his,Northeastern United States,6,6,AWS,6
368,0,1,0,1,0,0,0,0,0,0,1,0,0,22 - 30,Control,6,Bachelor's Degree,5,6,6,6,6,6,Heterosexual,5,5,5,6,6,He/his,Western United States,6,6,AWS,6
369,0,1,1,0,0,0,0,0,0,0,0,0,0,22 - 30,Control,5,Bachelor's Degree,6,5,6,6,5,5,Bisexual,5,5,6,6,5,He/his,Not located in United States,6,6,AWS,5
372,0,0,1,0,0,0,0,0,0,0,0,0,1,41 - 50,Control,6,Bachelor's Degree,2,6,5,6,5,5,Heterosexual,2,6,5,6,5,She/hers,Midwestern United States,5,6,AWS,5
373,0,0,0,1,0,0,0,0,0,0,0,0,1,41 - 50,Control,4,Bachelor's Degree,7,5,6,7,4,5,Heterosexual,6,7,7,6,4,She/hers,Southwestern United States,5,7,AWS,4
375,0,1,1,0,0,0,0,0,0,0,0,0,0,22 - 30,Control,5,Bachelor's Degree,4,5,5,7,4,4,Heterosexual,5,5,4,5,5,He/his,Not located in United States,4,5,AWS,6
376,0,1,1,0,0,0,0,0,0,0,0,0,0,22 - 30,Control,6,Bachelor's Degree,5,6,6,7,5,7,Asexual,5,5,6,6,7,He/his,Southwestern United States,6,5,AWS,7
379,0,0,0,1,1,0,0,0,0,0,0,0,0,51 - 60,Control,7,Bachelor's Degree,5,4,5,7,7,6,Heterosexual,4,6,5,7,6,He/his,Not located in United States,7,6,AWS,6
380,0,0,1,0,0,0,0,0,0,0,0,0,1,22 - 30,Control,6,Some undergraduate college or post-secondary school,3,7,6,6,7,6,Heterosexual,5,6,7,7,5,He/his,Midwestern United States,5,7,AWS,5
387,0,1,0,0,0,0,0,0,0,0,0,1,0,22 - 30,Control,6,Bachelor's Degree,6,5,5,4,6,5,Heterosexual,5,7,6,5,6,He/his,Western United States,6,4,AWS,4
395,0,0,0,0,0,0,0,0,0,1,0,0,1,51 - 60,Control,6,Ph. D.,7,6,6,6,5,6,Heterosexual,7,7,7,7,6,He/his,Southeastern United States,7,7,AWS,6
396,0,1,1,0,0,0,0,0,0,0,0,0,0,22 - 30,Control,5,Bachelor's Degree,6,6,5,7,7,7,Bisexual,5,6,6,6,6,He/his,Not located in United States,5,6,AWS,6
398,0,1,1,0,0,0,0,0,0,0,0,0,0,22 - 30,Control,6,Bachelor's Degree,6,6,6,7,7,7,Heterosexual,6,7,6,6,7,He/his,Not located in United States,7,6,AWS,7
400,0,0,1,0,0,0,0,0,0,0,0,0,1,22 - 30,Control,6,Bachelor's Degree,5,6,4,6,6,5,Heterosexual,5,4,5,5,5,They/theirs,Southeastern United States,5,5,AWS,5
403,0,0,1,0,0,0,0,0,0,0,0,0,1,22 - 30,Control,6,Bachelor's Degree,6,6,6,6,5,5,Bisexual,6,6,6,6,5,She/hers,Northeastern United States,6,5,AWS,6
406,1,0,1,0,0,0,0,0,0,0,0,0,0,31 - 40,Control,2,Bachelor's Degree,5,2,3,4,2,4,Heterosexual,7,2,6,5,3,He/his,Midwestern United States,1,6,AWS,3
408,0,0,1,0,0,0,0,0,0,0,0,0,1,22 - 30,Control,5,Some undergraduate college or post-secondary school,6,5,7,7,7,7,Heterosexual,7,7,7,6,6,She/hers,Northeastern United States,6,7,AWS,6
411,0,0,0,0,1,0,0,0,0,0,0,1,1,31 - 40,Control,6,Some graduate college,3,6,3,7,6,6,Heterosexual,2,6,7,5,6,He/his,Not located in United States,7,6,AWS,6
412,0,1,0,1,0,0,0,0,0,0,0,0,0,22 - 30,Control,6,Bachelor's Degree,7,7,7,6,6,6,Bisexual,6,6,7,6,7,She/hers,Not located in United States,7,6,AWS,6
415,0,1,1,0,0,0,0,0,0,0,0,0,0,22 - 30,Control,6,Bachelor's Degree,7,7,7,6,7,7,Bisexual,6,6,6,7,7,She/hers,Southeastern United States,7,6,AWS,6
418,0,1,0,1,0,0,0,0,0,0,0,0,0,22 - 30,Control,6,Bachelor's Degree,6,7,7,7,7,6,Bisexual,6,6,6,7,6,She/hers,Not located in United States,6,7,AWS,7
419,0,0,1,0,0,1,0,0,0,0,0,0,0,31 - 40,Control,5,Bachelor's Degree,5,6,7,5,6,6,Bisexual,6,5,5,6,6,He/his,Southeastern United States,6,6,AWS,5
420,0,0,1,0,0,0,0,0,0,0,0,0,1,31 - 40,Control,6,Bachelor's Degree,3,6,6,6,5,6,Heterosexual,5,6,6,6,6,She/hers,Midwestern United States,6,6,AWS,6
421,0,0,0,0,0,0,0,0,0,0,0,1,1,31 - 40,Control,6,Some high school,7,6,6,7,6,6,Heterosexual,4,4,7,7,4,They/theirs,Southeastern United States,7,6,AWS,4
423,0,0,1,0,0,0,0,0,0,0,0,0,1,22 - 30,Control,3,Master's Degree,3,5,5,5,5,4,Heterosexual,3,5,5,5,4,She/hers,Northeastern United States,4,5,AWS,4
427,0,0,1,0,1,0,0,0,0,0,0,0,0,22 - 30,Control,5,Bachelor's Degree,6,5,5,6,6,6,Heterosexual,6,5,6,6,6,He/his,Southeastern United States,5,5,AWS,6
429,0,0,1,0,0,0,0,0,0,0,0,0,1,22 - 30,Control,7,Some graduate college,7,7,7,7,7,7,Bisexual,7,7,7,7,7,She/hers,Southeastern United States,7,7,AWS,7
431,0,0,1,0,1,0,0,0,0,0,0,0,0,22 - 30,Control,6,Master's Degree,5,5,6,5,5,5,Heterosexual,6,5,5,6,6,They/theirs,Southeastern United States,5,6,AWS,6
432,1,0,1,0,0,0,0,0,0,0,0,0,0,31 - 40,Control,5,Bachelor's Degree,5,5,5,5,5,5,Heterosexual,5,5,5,5,5,She/hers,Southeastern United States,5,5,AWS,5
435,0,1,1,0,0,0,0,0,0,0,0,0,0,22 - 30,Control,6,Bachelor's Degree,6,7,7,7,5,6,Asexual,6,7,6,6,6,He/his,Decline to state,6,5,AWS,6
437,0,0,0,0,0,0,0,0,0,0,0,1,1,51 - 60,Control,4,Some undergraduate college or post-secondary school,4,4,5,5,5,4,Heterosexual,5,4,5,5,4,She/hers,Midwestern United States,4,4,AWS,4
438,0,1,0,1,0,0,0,0,0,0,0,0,0,22 - 30,Control,7,Bachelor's Degree,6,6,7,7,7,7,Bisexual,6,7,7,6,6,He/his,Not located in United States,6,7,AWS,6
439,0,0,1,0,0,0,0,0,0,0,0,0,1,31 - 40,Control,5,Some undergraduate college or post-secondary school,2,5,6,6,6,6,Heterosexual,5,6,6,5,5,He/his,Not located in United States,6,6,AWS,6
440,0,1,1,0,0,0,0,0,0,0,0,0,0,41 - 50,Control,6,Master's Degree,7,6,4,5,7,6,Heterosexual,3,7,6,5,6,He/his,Not located in United States,5,7,AWS,7
443,0,0,1,0,0,0,0,0,0,0,0,0,1,Over 60,Control,5,Some graduate college,1,6,5,7,6,5,Heterosexual,1,4,5,4,3,He/his,Southeastern United States,6,4,AWS,3
447,0,0,1,0,0,1,0,0,0,0,0,0,0,22 - 30,Control,3,Some graduate college,1,5,5,6,4,5,Heterosexual,1,2,3,4,2,He/his,Northeastern United States,4,3,AWS,2
448,0,1,0,0,0,0,0,0,0,0,0,1,0,22 - 30,Control,6,Master's Degree,6,7,7,7,6,7,Heterosexual,4,6,6,7,6,She/hers,Northeastern United States,7,7,AWS,7
449,0,0,1,0,0,0,0,0,0,0,0,0,1,31 - 40,Control,5,Bachelor's Degree,4,5,5,5,5,4,Heterosexual,4,4,4,4,4,She/hers,Midwestern United States,5,4,AWS,4
451,0,0,0,1,0,0,0,0,0,0,0,0,1,31 - 40,Control,7,Master's Degree,6,7,7,7,6,7,Bisexual,6,6,6,7,6,She/hers,Northeastern United States,2,6,AWS,6
455,0,0,1,0,0,0,0,0,0,0,0,0,1,41 - 50,Control,6,Some undergraduate college or post-secondary school,5,5,4,5,6,5,Heterosexual,6,6,6,4,5,She/hers,Northeastern United States,6,6,AWS,4
461,0,1,1,0,0,0,0,0,0,0,0,0,0,22 - 30,Control,6,Master's Degree,5,5,2,2,3,5,Bisexual,3,5,3,6,4,He/his,Northeastern United States,3,5,AWS,3
462,0,0,1,0,0,0,0,0,0,0,0,0,1,22 - 30,Control,6,Ph. D.,5,6,4,5,6,6,Bisexual,6,6,6,7,6,She/hers,Southeastern United States,6,7,AWS,6
465,1,0,1,0,0,0,0,0,0,0,0,0,0,22 - 30,Control,6,Some undergraduate college or post-secondary school,7,5,7,7,7,7,Heterosexual,6,7,7,7,4,She/hers,Southeastern United States,6,7,AWS,4
466,0,0,0,0,0,0,0,0,0,0,1,0,1,22 - 30,Control,5,Master's Degree,7,5,5,6,5,4,Heterosexual,7,7,7,6,5,He/his,Not located in United States,5,6,AWS,5
467,0,0,0,0,0,0,0,0,0,0,0,0,1,31 - 40,Control,6,Some undergraduate college or post-secondary school,3,6,6,6,4,5,Pansexual,3,4,6,6,5,She/hers,Northeastern United States,5,6,AWS,6
468,0,0,1,0,1,0,0,0,0,0,0,0,1,41 - 50,Control,6,Bachelor's Degree,2,7,6,6,6,7,Heterosexual,6,5,7,7,5,She/hers,Northeastern United States,6,7,AWS,5
475,0,0,1,0,0,0,0,0,0,0,0,0,1,31 - 40,Control,7,Bachelor's Degree,7,6,6,7,7,7,Heterosexual,7,7,7,7,5,She/hers,Northeastern United States,7,7,AWS,6
477,0,0,1,0,0,0,0,0,0,0,0,0,1,22 - 30,Control,7,Some undergraduate college or post-secondary school,7,7,7,7,7,7,Pansexual,7,7,7,7,7,He/his,Southeastern United States,7,7,AWS,7
478,1,0,1,0,0,0,0,0,0,0,0,0,0,22 - 30,Control,4,Bachelor's Degree,6,4,5,6,6,6,Heterosexual,3,4,6,6,7,He/his,Midwestern United States,6,6,AWS,6
481,0,0,1,0,0,0,0,0,0,0,0,0,1,41 - 50,Control,5,High School/GED,3,5,6,6,5,6,Heterosexual,5,6,6,5,5,He/his,Southeastern United States,6,6,AWS,5
483,0,0,1,0,0,0,0,0,0,0,0,0,1,51 - 60,Control,3,High School/GED,2,4,4,4,4,4,Heterosexual,3,3,3,4,4,He/his,Western United States,4,3,AWS,3
485,1,0,1,0,0,0,0,0,0,0,0,0,0,22 - 30,Control,6,Bachelor's Degree,1,7,6,6,7,7,Asexual,5,6,6,6,6,She/hers,Not located in United States,7,6,AWS,6
488,0,0,0,0,0,0,0,0,0,0,0,1,1,31 - 40,Control,5,Bachelor's Degree,6,5,6,3,6,5,Asexual,2,5,7,4,3,She/hers,Not located in United States,4,6,AWS,4
489,0,0,1,0,0,0,0,0,0,0,0,0,1,22 - 30,Control,5,Bachelor's Degree,6,5,4,5,5,4,Heterosexual,6,6,6,4,5,He/his,Midwestern United States,6,6,AWS,5
490,0,0,1,0,0,0,0,0,0,0,0,0,1,51 - 60,Control,7,Some undergraduate college or post-secondary school,6,7,7,7,7,7,Heterosexual,7,7,7,7,6,She/hers,Southwestern United States,7,7,AWS,7
491,0,0,1,1,0,0,0,0,0,0,0,0,1,22 - 30,Control,5,Bachelor's Degree,4,5,5,5,5,6,Heterosexual,5,5,4,4,4,She/hers,Northeastern United States,4,5,AWS,6
494,0,0,1,0,0,0,0,0,0,0,0,0,1,41 - 50,Control,5,Bachelor's Degree,6,5,6,5,6,6,Heterosexual,6,5,6,6,5,He/his,Northeastern United States,5,6,AWS,5
495,0,1,1,0,0,0,0,0,0,0,0,0,0,31 - 40,Control,4,High School/GED,4,4,2,4,3,2,Heterosexual,1,7,5,4,2,He/his,Western United States,5,5,AWS,3
498,1,0,0,0,0,0,0,0,0,0,0,1,0,22 - 30,Control,7,High School/GED,5,6,7,7,7,7,Gay/Lesbian,6,7,7,6,7,He/his,Northeastern United States,6,7,AWS,6
500,0,1,0,0,0,0,0,0,0,1,0,0,0,Over 60,Control,6,Bachelor's Degree,3,5,6,6,5,5,Heterosexual,3,4,5,6,6,He/his,Not located in United States,6,6,AWS,6
502,0,0,1,0,1,0,0,0,0,0,0,0,0,22 - 30,Control,5,Bachelor's Degree,7,4,7,7,7,7,Heterosexual,4,7,7,4,7,She/hers,Southeastern United States,7,7,AWS,7
503,0,0,0,0,0,0,0,0,0,0,0,1,1,22 - 30,Control,6,High School/GED,4,6,6,7,5,6,Heterosexual,5,7,6,6,5,He/his,Western United States,7,7,AWS,5
504,0,1,1,0,0,0,0,0,0,0,0,0,0,22 - 30,Control,7,Bachelor's Degree,7,6,6,7,7,6,Heterosexual,7,7,6,7,6,He/his,Midwestern United States,6,6,AWS,7
507,0,0,1,0,1,0,0,0,0,0,0,0,0,22 - 30,Control,2,Some undergraduate college or post-secondary school,5,4,6,6,5,4,Heterosexual,4,5,4,5,5,He/his,Northeastern United States,4,6,AWS,5
512,0,0,1,0,0,0,0,0,0,0,0,0,1,22 - 30,Control,6,Bachelor's Degree,4,5,6,6,6,6,Heterosexual,5,7,6,5,5,She/hers,Midwestern United States,6,6,AWS,6
517,0,0,0,0,0,0,0,1,0,0,1,0,0,22 - 30,Control,5,Master's Degree,5,5,5,5,4,5,Heterosexual,5,5,5,5,5,He/his,Not located in United States,5,5,AWS,5
521,0,0,1,0,0,0,0,0,0,0,0,0,1,22 - 30,Control,6,Bachelor's Degree,3,6,7,7,6,7,Heterosexual,5,6,6,6,6,He/his,Northeastern United States,6,6,AWS,6
522,1,0,1,0,0,0,0,0,0,0,0,0,0,22 - 30,Control,7,Bachelor's Degree,1,6,6,7,6,7,Heterosexual,3,3,7,7,7,She/hers,Not located in United States,7,7,AWS,7
523,0,0,1,0,1,0,0,0,0,0,0,0,0,31 - 40,Control,4,High School/GED,5,5,4,5,4,6,Heterosexual,5,5,5,4,4,He/his,Western United States,5,5,AWS,4
524,0,1,0,1,0,0,0,0,0,0,0,0,0,22 - 30,Control,5,Bachelor's Degree,4,6,4,4,5,6,Bisexual,6,4,4,6,6,He/his,Not located in United States,5,5,AWS,5
525,0,0,1,0,0,0,0,0,0,0,0,0,1,31 - 40,Control,5,Bachelor's Degree,4,5,5,5,5,5,Heterosexual,5,5,5,6,6,He/his,Southeastern United States,5,5,AWS,6
526,0,0,1,0,0,0,0,0,0,0,0,0,1,22 - 30,Control,4,Bachelor's Degree,4,4,6,5,5,5,Heterosexual,5,6,5,4,5,She/hers,Northeastern United States,5,5,AWS,4
527,0,0,1,0,0,0,0,0,0,0,0,0,1,22 - 30,Control,6,Bachelor's Degree,2,5,6,6,5,6,Heterosexual,6,2,2,6,4,He/his,Northeastern United States,6,6,AWS,4
532,0,1,1,0,0,0,0,0,0,0,0,0,0,31 - 40,Control,7,Bachelor's Degree,5,7,7,7,7,7,Heterosexual,1,7,1,7,7,She/hers,Western United States,7,5,AWS,7
533,1,0,1,0,0,0,0,0,0,0,0,0,0,22 - 30,Control,7,Some undergraduate college or post-secondary school,6,6,6,7,6,7,Heterosexual,7,6,6,7,6,She/hers,Midwestern United States,7,5,AWS,6
536,0,0,0,0,0,0,0,0,0,0,0,1,1,22 - 30,Control,6,Some high school,5,7,6,7,6,6,Heterosexual,6,6,7,7,7,He/his,Northeastern United States,7,7,AWS,7
537,0,0,1,0,0,0,0,0,0,0,0,0,1,22 - 30,Control,4,Bachelor's Degree,5,5,4,6,4,4,Heterosexual,6,6,6,4,4,She/hers,Southeastern United States,5,6,AWS,4
542,0,0,1,0,0,0,0,0,0,0,0,0,1,31 - 40,Control,6,Some undergraduate college or post-secondary school,5,6,6,6,6,6,Heterosexual,6,6,6,6,6,He/his,Western United States,6,6,AWS,6
544,0,1,1,0,0,0,0,0,0,0,0,0,0,51 - 60,Control,7,Master's Degree,7,7,7,7,7,7,Heterosexual,6,7,7,7,7,He/his,Southwestern United States,7,7,AWS,7
545,0,1,1,0,0,0,0,0,0,0,0,0,0,22 - 30,Control,6,Some graduate college,6,6,6,6,6,6,Bisexual,6,6,6,6,6,He/his,Southeastern United States,6,6,AWS,6
546,0,0,1,0,0,0,0,0,0,0,0,0,1,31 - 40,Control,7,Some undergraduate college or post-secondary school,4,6,7,7,7,6,Heterosexual,5,7,6,7,6,He/his,Midwestern United States,6,6,AWS,7
550,0,0,1,0,0,0,0,0,0,0,0,0,1,31 - 40,Control,6,Some undergraduate college or post-secondary school,1,6,6,6,5,6,Asexual,2,2,6,6,5,He/his,Southeastern United States,6,6,AWS,6
553,0,1,1,0,0,0,0,0,0,0,0,0,0,22 - 30,Control,6,Some graduate college,6,5,6,7,6,5,Heterosexual,5,5,5,6,6,He/his,Not located in United States,6,6,AWS,6
554,0,0,0,0,0,0,0,0,0,0,0,1,1,31 - 40,Control,5,Some graduate college,5,4,4,5,5,5,Heterosexual,4,5,5,5,4,She/hers,Southeastern United States,4,5,AWS,5
561,1,0,1,0,0,0,0,0,0,0,0,0,0,22 - 30,Control,7,Bachelor's Degree,7,7,7,7,7,7,Heterosexual,4,7,7,7,7,He/his,Northeastern United States,7,7,AWS,7
562,0,0,1,0,0,0,0,0,0,0,0,0,1,41 - 50,Control,5,Master's Degree,6,4,4,7,6,6,Heterosexual,6,6,6,6,6,He/his,Not located in United States,4,6,AWS,6
563,0,0,0,0,0,0,0,0,0,0,0,1,1,22 - 30,Control,6,Bachelor's Degree,4,6,6,6,6,6,Heterosexual,3,6,6,6,5,He/his,Northeastern United States,7,6,AWS,5
567,0,0,0,0,0,0,0,0,0,0,0,1,1,22 - 30,Control,6,Bachelor's Degree,6,6,4,6,4,6,Heterosexual,5,7,7,6,3,He/his,Not located in United States,6,6,AWS,5
568,0,0,1,0,0,0,0,0,0,0,0,0,1,41 - 50,Control,6,Master's Degree,3,6,6,7,6,6,Heterosexual,4,5,6,7,6,He/his,Southeastern United States,6,7,AWS,6
571,0,0,0,0,0,0,0,0,0,0,0,1,1,51 - 60,Control,6,Bachelor's Degree,6,5,6,6,6,6,Heterosexual,3,7,7,6,4,She/hers,Southwestern United States,6,6,AWS,5
573,0,0,1,0,0,0,0,0,0,0,0,0,1,51 - 60,Control,7,Master's Degree,1,7,7,7,6,7,Heterosexual,4,1,7,7,7,He/his,Northeastern United States,7,7,AWS,7
575,0,1,0,1,0,0,0,0,0,0,0,0,0,22 - 30,Control,6,Bachelor's Degree,6,6,6,6,6,7,Heterosexual,7,6,7,7,6,He/his,Not located in United States,6,7,AWS,7
577,0,0,1,0,0,0,0,0,0,0,0,0,1,22 - 30,Control,5,Bachelor's Degree,5,4,5,5,4,6,Heterosexual,6,6,5,5,4,He/his,Southeastern United States,4,5,AWS,6
578,0,1,0,0,0,0,0,0,0,0,0,1,0,31 - 40,Control,6,Bachelor's Degree,3,6,6,7,6,6,Bisexual,5,5,5,6,5,She/hers,Not located in United States,6,7,AWS,6
580,0,1,1,0,0,0,0,0,0,0,0,0,0,31 - 40,Control,7,Bachelor's Degree,7,7,7,7,7,6,Bisexual,6,6,7,7,6,He/his,Western United States,7,6,AWS,7
582,0,0,0,0,0,0,0,0,0,0,0,1,1,41 - 50,Control,6,Bachelor's Degree,5,6,6,6,6,6,Heterosexual,5,6,6,6,6,She/hers,Midwestern United States,6,6,AWS,6
583,0,0,0,1,0,0,0,0,0,0,0,0,1,41 - 50,Control,6,Bachelor's Degree,2,6,6,7,6,7,Heterosexual,3,3,6,6,6,She/hers,Midwestern United States,7,6,AWS,6
585,0,0,1,0,0,0,0,0,0,0,0,0,1,41 - 50,Control,7,High School/GED,6,7,6,6,6,6,Heterosexual,6,6,6,7,4,She/hers,Southeastern United States,6,7,AWS,4
587,1,0,1,0,0,0,0,0,0,0,0,0,0,31 - 40,Control,5,Bachelor's Degree,2,6,5,5,4,4,Heterosexual,5,5,5,5,5,He/his,Northeastern United States,5,5,AWS,5
591,0,0,1,0,0,1,0,0,0,0,0,0,0,22 - 30,Control,5,Bachelor's Degree,5,6,6,7,6,3,Bisexual,4,4,4,5,4,He/his,Not located in United States,6,3,AWS,5
592,0,0,1,0,1,0,0,0,0,0,0,0,0,31 - 40,Control,6,Bachelor's Degree,5,6,6,6,6,6,Heterosexual,6,6,6,6,6,She/hers,Southwestern United States,6,6,AWS,6
593,0,0,1,0,0,0,0,0,0,0,0,0,1,22 - 30,Control,7,Some undergraduate college or post-secondary school,7,7,7,7,7,7,Heterosexual,7,7,7,7,7,He/his,Midwestern United States,7,7,AWS,7
594,0,1,0,0,0,0,0,0,0,0,1,0,0,22 - 30,Control,6,Master's Degree,5,6,6,6,6,5,Orientation not listed,7,4,6,7,4,He/his,Not located in United States,6,6,AWS,5
597,0,1,1,0,0,0,0,0,0,0,0,0,0,22 - 30,Control,6,Bachelor's Degree,6,6,6,6,6,6,Heterosexual,6,6,6,6,6,She/hers,Southwestern United States,6,6,AWS,6
598,0,0,0,0,0,0,0,0,0,0,0,1,1,31 - 40,Control,5,Some undergraduate college or post-secondary school,6,5,6,6,5,6,Gay/Lesbian,6,6,6,5,4,He/his,Western United States,6,6,AWS,4
600,0,1,1,0,0,0,0,0,0,0,0,0,0,22 - 30,Control,7,Bachelor's Degree,7,6,7,6,6,7,Heterosexual,7,6,6,7,7,He/his,Not located in United States,6,6,AWS,6
601,0,0,1,0,0,0,0,0,0,0,0,0,1,31 - 40,Control,6,Some graduate college,1,6,6,6,6,6,Heterosexual,5,7,5,6,6,She/hers,Midwestern United States,6,5,AWS,6
603,0,0,0,0,0,0,0,0,0,1,0,0,1,Over 60,Control,5,Some undergraduate college or post-secondary school,5,5,6,5,5,5,Heterosexual,5,5,6,5,5,He/his,Midwestern United States,5,5,AWS,4
609,0,1,1,0,1,0,0,0,0,0,0,0,1,31 - 40,Control,6,Some graduate college,2,6,6,5,7,7,Gay/Lesbian,2,7,7,6,6,He/his,Western United States,5,6,AWS,6
610,0,1,1,0,0,0,0,0,0,0,0,0,0,22 - 30,Control,6,Bachelor's Degree,7,7,6,6,7,6,Heterosexual,7,7,7,7,6,He/his,Not located in United States,6,6,AWS,6
616,0,0,1,0,0,0,0,0,0,0,0,0,1,31 - 40,Control,5,Bachelor's Degree,5,5,7,6,6,7,Heterosexual,3,6,6,6,6,He/his,Southeastern United States,6,6,AWS,6
619,0,0,0,0,0,1,0,0,0,0,0,1,0,31 - 40,Control,6,Bachelor's Degree,3,5,6,4,6,7,Heterosexual,3,2,4,6,7,He/his,Southeastern United States,6,3,AWS,6
620,0,1,1,0,0,0,0,0,0,0,0,0,0,22 - 30,Control,6,Bachelor's Degree,6,6,6,6,6,7,Heterosexual,7,6,7,7,7,He/his,Not located in United States,6,7,AWS,7
621,0,1,0,1,0,0,0,0,0,0,0,0,0,22 - 30,Control,7,Bachelor's Degree,6,6,7,6,7,6,Heterosexual,7,7,6,6,7,He/his,Not located in United States,6,6,AWS,6
622,0,0,0,0,0,0,0,0,0,1,0,0,1,Over 60,Control,5,Some undergraduate college or post-secondary school,2,5,5,6,5,5,Heterosexual,3,6,3,5,4,She/hers,Southeastern United States,5,6,AWS,4
625,0,0,1,0,0,0,0,0,0,0,0,0,1,31 - 40,Control,6,Bachelor's Degree,5,5,5,5,5,5,Heterosexual,5,6,5,6,6,He/his,Northeastern United States,6,6,AWS,6
626,1,0,1,0,0,0,0,0,0,0,0,0,0,22 - 30,Control,6,Some undergraduate college or post-secondary school,6,6,6,6,6,6,Heterosexual,6,6,6,6,6,He/his,Southeastern United States,6,6,AWS,6
628,0,0,1,0,0,0,0,0,0,0,0,0,1,31 - 40,Control,5,Bachelor's Degree,5,6,5,6,4,6,Heterosexual,4,6,6,5,3,He/his,Southeastern United States,5,3,AWS,3
629,0,0,1,0,0,0,0,0,0,0,0,0,1,22 - 30,Control,6,Some undergraduate college or post-secondary school,7,6,6,6,6,6,Heterosexual,5,7,7,5,5,He/his,Northeastern United States,6,7,AWS,4
630,0,0,1,0,0,0,0,0,0,0,0,0,1,22 - 30,Control,6,Some graduate college,6,6,6,6,6,6,Heterosexual,6,6,6,6,6,He/his,Midwestern United States,6,6,AWS,6
632,0,1,0,1,0,0,0,0,0,0,0,0,0,31 - 40,Control,5,Bachelor's Degree,5,4,6,6,3,4,Heterosexual,6,5,5,5,5,She/hers,Not located in United States,6,5,AWS,6
636,0,0,0,1,0,0,0,0,0,0,0,0,1,31 - 40,Control,6,Bachelor's Degree,2,4,6,6,6,6,Heterosexual,6,6,6,6,4,She/hers,Midwestern United States,6,6,AWS,6
639,1,0,1,0,0,0,0,0,0,0,0,0,0,Under 21,Control,7,Some undergraduate college or post-secondary school,1,7,7,7,7,7,Heterosexual,1,7,7,7,5,She/hers,Southeastern United States,7,7,AWS,7
640,0,0,1,0,0,0,0,0,0,0,0,0,1,31 - 40,Control,6,High School/GED,6,4,4,4,4,4,Heterosexual,6,6,6,5,4,He/his,Northeastern United States,4,6,AWS,4
643,0,0,0,1,0,0,0,0,0,0,0,0,1,41 - 50,Control,6,Some undergraduate college or post-secondary school,5,6,6,6,6,6,Heterosexual,5,6,6,6,6,She/hers,Midwestern United States,6,6,AWS,6
644,1,0,1,0,0,0,0,0,0,0,0,0,0,31 - 40,Control,6,Master's Degree,6,6,6,6,6,6,Heterosexual,3,7,7,7,6,She/hers,Northeastern United States,6,7,AWS,6
647,0,0,1,0,0,0,0,0,0,0,0,0,1,22 - 30,Control,3,Bachelor's Degree,3,5,5,5,5,5,Heterosexual,3,5,3,5,4,She/hers,Northeastern United States,5,4,AWS,3
648,0,0,1,0,0,0,0,0,0,0,0,0,1,31 - 40,Control,6,Bachelor's Degree,6,6,6,7,7,6,Heterosexual,6,7,6,7,7,She/hers,Southwestern United States,6,6,AWS,6
649,1,0,0,1,0,0,0,0,0,0,0,0,0,31 - 40,Control,6,Some undergraduate college or post-secondary school,1,6,6,6,6,6,Heterosexual,2,5,3,6,5,She/hers,Southwestern United States,7,7,AWS,5
651,0,1,1,0,0,0,0,0,0,0,0,0,0,22 - 30,Control,4,Bachelor's Degree,6,5,5,7,6,6,Heterosexual,5,7,6,6,6,She/hers,Decline to state,7,6,AWS,5
654,0,0,1,0,0,0,0,0,0,0,0,0,1,22 - 30,Control,6,Bachelor's Degree,6,6,6,6,6,5,Heterosexual,6,6,7,7,6,He/his,Midwestern United States,7,6,AWS,6
656,0,0,1,0,0,0,0,0,0,0,0,0,1,22 - 30,Control,4,Bachelor's Degree,6,7,7,6,6,5,Heterosexual,6,5,5,5,5,She/hers,Southwestern United States,6,6,AWS,7
7,0,0,1,0,0,0,0,0,0,0,0,0,0,31 - 40,Treatment,5,Some graduate college,4,4,5,5,6,4,Heterosexual,6,6,6,6,6,He/his,Southeastern United States,5,5,AWS,5
11,0,0,1,0,0,0,0,0,0,0,0,0,1,41 - 50,Treatment,6,High School/GED,5,6,6,5,6,6,Heterosexual,6,5,5,6,6,He/his,Southeastern United States,5,6,AWS,5
14,0,0,0,0,0,0,0,0,0,1,0,0,1,31 - 40,Treatment,1,High School/GED,2,3,5,6,1,5,Asexual,1,2,2,3,1,She/hers,Not located in United States,4,2,AWS,1
22,1,0,1,0,0,0,0,0,0,0,0,0,0,22 - 30,Treatment,5,Bachelor's Degree,6,4,7,5,4,5,Heterosexual,5,6,6,6,5,He/his,Southeastern United States,5,6,AWS,4
23,0,1,1,0,0,0,0,0,0,0,0,0,0,22 - 30,Treatment,7,Bachelor's Degree,6,6,6,6,7,6,Bisexual,7,7,6,7,7,She/hers,Southeastern United States,6,6,AWS,7
25,0,0,1,0,0,0,0,0,0,0,0,0,1,22 - 30,Treatment,5,Some graduate college,5,4,5,5,6,6,Heterosexual,6,5,6,5,5,He/his,Northeastern United States,6,6,AWS,6
28,0,0,1,0,0,0,0,0,0,0,0,0,1,31 - 40,Treatment,5,Bachelor's Degree,4,4,5,5,5,5,Heterosexual,5,4,5,4,4,She/hers,Northeastern United States,4,5,AWS,5
30,0,0,1,0,0,0,0,0,0,0,0,0,1,22 - 30,Treatment,4,Bachelor's Degree,3,6,5,6,6,5,Bisexual,5,3,4,4,5,He/his,Western United States,6,4,AWS,3
41,1,0,0,1,0,0,0,0,0,0,1,0,1,22 - 30,Treatment,5,Some undergraduate college or post-secondary school,5,5,6,3,6,6,Bisexual,5,3,5,5,4,She/hers,Southwestern United States,4,6,AWS,5
43,0,0,1,0,0,0,0,0,0,0,0,0,1,22 - 30,Treatment,7,Bachelor's Degree,5,3,5,5,4,7,Bisexual,4,3,2,4,5,He/his,Southwestern United States,5,5,AWS,5
54,0,0,1,0,0,0,0,0,0,0,0,0,1,41 - 50,Treatment,2,Some undergraduate college or post-secondary school,1,6,3,3,1,1,Heterosexual,1,1,1,6,1,She/hers,Southeastern United States,5,1,AWS,2
55,0,0,1,0,0,0,0,0,0,0,0,0,1,22 - 30,Treatment,6,Bachelor's Degree,5,6,5,5,5,5,Bisexual,5,7,6,5,7,He/his,Southwestern United States,6,6,AWS,6
60,1,0,0,1,0,0,0,0,0,0,1,0,1,22 - 30,Treatment,5,Some undergraduate college or post-secondary school,5,6,4,3,5,5,Bisexual,3,5,4,4,3,She/hers,Southwestern United States,5,5,AWS,3
61,0,0,1,0,0,0,0,0,0,0,0,0,1,22 - 30,Treatment,4,Bachelor's Degree,3,3,6,4,6,5,Bisexual,6,5,6,5,4,He/his,Northeastern United States,4,7,AWS,5
62,0,0,1,0,0,0,0,0,0,0,0,0,1,Over 60,Treatment,4,Bachelor's Degree,1,4,5,5,2,5,Heterosexual,1,1,2,5,2,He/his,Southeastern United States,5,2,AWS,2
63,0,0,1,0,0,0,0,0,0,0,0,0,1,22 - 30,Treatment,2,Bachelor's Degree,2,5,4,4,4,4,Heterosexual,2,2,2,5,2,He/his,Southwestern United States,5,2,AWS,3
69,0,0,1,0,0,0,0,0,0,0,0,0,1,41 - 50,Treatment,5,Bachelor's Degree,6,5,6,5,6,5,Heterosexual,6,5,5,5,6,She/hers,Northeastern United States,5,6,AWS,6
70,0,1,1,0,0,0,0,0,0,0,0,0,0,22 - 30,Treatment,6,Bachelor's Degree,5,5,6,6,6,6,Bisexual,5,7,5,6,6,He/his,Southeastern United States,5,5,AWS,5
75,0,1,1,0,0,0,0,0,0,0,0,0,0,22 - 30,Treatment,4,Bachelor's Degree,6,4,5,5,6,5,Asexual,5,5,5,6,6,He/his,Southeastern United States,7,5,AWS,5
79,0,1,1,0,0,0,0,0,0,0,0,0,0,22 - 30,Treatment,5,Bachelor's Degree,5,6,5,6,6,7,Bisexual,6,6,5,5,6,Not listed,Not located in United States,5,5,AWS,6
81,0,1,1,0,0,0,0,0,0,0,0,0,0,22 - 30,Treatment,5,Bachelor's Degree,5,6,6,5,6,6,Bisexual,6,5,5,6,6,She/hers,Northeastern United States,5,6,AWS,5
82,0,0,0,1,0,0,0,0,0,0,0,0,1,31 - 40,Treatment,6,Bachelor's Degree,2,7,6,7,6,6,Heterosexual,1,6,6,7,6,She/hers,Not located in United States,7,5,AWS,6
88,0,0,1,0,0,0,0,0,0,0,0,0,1,22 - 30,Treatment,5,Master's Degree,4,4,4,5,4,4,Heterosexual,5,5,5,4,5,He/his,Southwestern United States,5,5,AWS,5
95,0,0,1,0,0,0,0,0,0,0,0,0,1,41 - 50,Treatment,6,Master's Degree,1,6,6,7,6,6,Heterosexual,4,1,4,7,6,She/hers,Southeastern United States,6,6,AWS,6
98,0,0,0,0,0,0,0,0,0,0,0,1,1,22 - 30,Treatment,7,High School/GED,4,7,6,4,4,5,Heterosexual,4,7,5,7,7,He/his,Southeastern United States,7,5,AWS,7
103,0,1,1,0,0,0,0,0,0,0,0,0,0,31 - 40,Treatment,6,Bachelor's Degree,2,6,5,5,5,5,Heterosexual,1,3,6,5,6,He/his,Northeastern United States,5,5,AWS,6
104,0,0,1,0,0,0,0,0,0,0,0,0,1,22 - 30,Treatment,6,Bachelor's Degree,6,5,5,5,6,6,Bisexual,5,6,5,6,5,She/hers,Southeastern United States,6,5,AWS,6
107,0,1,1,0,0,0,0,0,0,0,0,0,0,22 - 30,Treatment,6,Master's Degree,5,6,6,6,6,5,Asexual,5,5,6,5,6,He/his,Northeastern United States,5,6,AWS,5
110,0,1,1,0,0,0,0,0,0,0,0,0,0,31 - 40,Treatment,5,Bachelor's Degree,1,6,5,5,3,4,Heterosexual,1,2,2,4,3,He/his,Northeastern United States,5,4,AWS,3
117,0,1,1,0,0,0,0,0,0,0,0,0,0,22 - 30,Treatment,6,Bachelor's Degree,5,6,5,5,4,3,Bisexual,3,5,3,4,6,He/his,Southeastern United States,4,5,AWS,4
118,0,0,0,1,0,0,0,0,0,0,0,0,1,41 - 50,Treatment,5,High School/GED,3,5,5,4,4,5,Heterosexual,4,5,5,6,4,She/hers,Southeastern United States,5,4,AWS,4
122,0,0,1,0,0,0,0,0,0,0,0,0,1,22 - 30,Treatment,5,Bachelor's Degree,5,4,4,6,6,5,Heterosexual,4,4,5,6,6,He/his,Decline to state,5,5,AWS,7
123,0,1,1,0,0,0,0,0,0,0,0,0,0,22 - 30,Treatment,7,Bachelor's Degree,6,6,6,7,5,5,Bisexual,2,5,5,7,4,He/his,Not located in United States,7,5,AWS,5
128,0,1,1,0,0,0,0,0,0,0,0,0,0,31 - 40,Treatment,6,Master's Degree,5,6,6,6,6,6,Heterosexual,6,6,6,5,5,He/his,Northeastern United States,6,6,AWS,6
132,0,1,1,0,0,0,0,0,0,0,0,0,0,22 - 30,Treatment,6,Bachelor's Degree,5,6,6,6,5,5,Bisexual,6,5,6,6,5,She/hers,Southeastern United States,5,5,AWS,6
133,0,1,1,0,0,0,0,0,0,0,0,0,0,22 - 30,Treatment,5,Bachelor's Degree,6,5,5,5,6,6,Bisexual,5,6,5,5,6,They/theirs,Southeastern United States,5,6,AWS,6
136,0,1,0,1,0,0,0,0,0,0,1,0,0,22 - 30,Treatment,6,Bachelor's Degree,6,6,6,6,6,6,Heterosexual,6,5,5,6,6,He/his,Western United States,6,6,AWS,6
137,0,0,1,0,0,0,0,0,0,0,0,0,1,22 - 30,Treatment,3,Bachelor's Degree,2,5,4,4,4,4,Heterosexual,2,3,3,5,4,She/hers,Northeastern United States,4,3,AWS,4
139,0,0,1,0,0,0,0,0,0,0,0,0,1,41 - 50,Treatment,3,Some undergraduate college or post-secondary school,2,4,4,4,2,4,Heterosexual,1,3,3,4,2,He/his,Midwestern United States,4,2,AWS,3
141,0,0,0,0,0,0,0,0,0,0,0,1,1,22 - 30,Treatment,2,Some undergraduate college or post-secondary school,1,4,1,2,1,2,Heterosexual,1,1,1,4,1,She/hers,Northeastern United States,1,1,AWS,1
142,0,0,1,0,0,0,0,0,0,0,0,0,1,41 - 50,Treatment,7,Bachelor's Degree,1,7,5,5,6,6,Heterosexual,1,4,5,7,6,He/his,Western United States,6,4,AWS,6
143,0,1,1,0,0,0,0,0,0,0,0,0,0,22 - 30,Treatment,4,Bachelor's Degree,3,5,2,2,3,2,Heterosexual,3,3,3,4,5,He/his,Northeastern United States,3,4,AWS,6
144,0,0,1,0,0,0,0,0,0,0,0,0,1,22 - 30,Treatment,5,Master's Degree,6,5,6,5,5,5,Heterosexual,5,6,7,5,5,He/his,Midwestern United States,5,4,AWS,6
145,0,0,1,0,0,0,0,0,0,0,0,0,1,22 - 30,Treatment,6,Bachelor's Degree,3,7,6,6,4,6,Heterosexual,3,3,3,7,6,He/his,Midwestern United States,6,5,AWS,6
147,0,0,0,0,0,0,0,0,0,0,1,0,1,22 - 30,Treatment,5,Some graduate college,1,6,3,6,5,6,Heterosexual,3,3,4,5,4,She/hers,Northeastern United States,3,3,AWS,2
148,0,1,1,0,0,0,0,0,0,0,0,0,0,22 - 30,Treatment,5,Bachelor's Degree,5,5,5,5,5,5,Bisexual,4,6,5,6,5,Decline to state,Not located in United States,4,4,AWS,5
150,0,0,0,0,1,0,0,0,0,0,0,0,0,22 - 30,Treatment,6,Some undergraduate college or post-secondary school,2,7,4,6,4,5,Asexual,2,7,3,7,6,He/his,Western United States,7,6,AWS,6
152,0,0,0,1,1,0,0,0,0,0,0,0,0,22 - 30,Treatment,7,Bachelor's Degree,1,7,7,7,7,7,Heterosexual,7,1,7,7,7,He/his,Western United States,7,7,AWS,7
161,0,1,1,0,0,0,0,0,0,0,0,0,0,22 - 30,Treatment,6,Bachelor's Degree,5,7,5,6,7,6,Heterosexual,6,5,4,7,5,He/his,Not located in United States,7,6,AWS,6
162,0,0,1,0,0,0,0,0,0,0,0,0,1,22 - 30,Treatment,4,Bachelor's Degree,5,6,5,6,5,6,Bisexual,4,6,5,5,5,He/his,Southwestern United States,7,6,AWS,6
165,0,1,0,1,0,0,0,0,0,0,0,0,0,22 - 30,Treatment,2,Bachelor's Degree,2,2,3,3,1,5,Heterosexual,2,5,2,6,2,He/his,Not located in United States,3,2,AWS,3
169,0,0,1,0,0,0,0,0,0,0,0,0,1,22 - 30,Treatment,5,Bachelor's Degree,4,6,4,6,5,5,Heterosexual,7,4,4,5,5,He/his,Southwestern United States,5,6,AWS,7
171,0,0,0,0,0,0,0,0,0,0,0,1,1,41 - 50,Treatment,7,Some undergraduate college or post-secondary school,3,7,6,7,7,6,Bisexual,3,6,6,7,7,She/hers,Not located in United States,5,7,AWS,7
179,0,1,1,0,0,0,0,0,0,0,0,0,0,22 - 30,Treatment,6,Bachelor's Degree,7,5,5,7,6,5,Bisexual,6,5,5,6,6,She/hers,Southwestern United States,6,5,AWS,6
180,0,0,1,0,0,0,0,0,0,0,0,0,1,22 - 30,Treatment,4,Master's Degree,5,4,4,5,6,5,Heterosexual,5,5,6,5,4,He/his,Northeastern United States,6,4,AWS,5
181,0,0,1,0,1,0,0,0,0,0,0,0,0,31 - 40,Treatment,5,High School/GED,4,6,4,6,5,6,Heterosexual,5,7,6,6,5,He/his,Not located in United States,3,6,AWS,4
183,0,1,1,0,0,0,0,0,0,0,0,0,0,22 - 30,Treatment,6,Bachelor's Degree,5,6,6,6,6,6,Bisexual,6,5,5,6,5,She/hers,Southwestern United States,6,6,AWS,5
188,0,1,1,0,0,0,0,0,0,0,0,0,0,22 - 30,Treatment,5,Bachelor's Degree,6,5,6,5,6,5,Heterosexual,6,6,5,5,4,He/his,Not located in United States,5,5,AWS,5
189,0,0,1,0,0,0,0,0,0,0,0,0,1,22 - 30,Treatment,4,Master's Degree,5,7,3,4,5,4,Heterosexual,4,4,3,5,4,He/his,Northeastern United States,6,6,AWS,5
192,0,0,1,0,0,0,0,0,0,0,0,0,1,22 - 30,Treatment,6,Bachelor's Degree,5,5,6,6,6,7,Heterosexual,6,6,6,6,6,She/hers,Northeastern United States,5,6,AWS,7
193,0,1,1,0,0,0,0,0,0,0,0,0,0,22 - 30,Treatment,7,Bachelor's Degree,6,7,6,6,6,7,Bisexual,6,7,7,7,6,He/his,Northeastern United States,6,6,AWS,7
195,0,1,1,0,0,0,0,0,0,0,0,0,0,22 - 30,Treatment,7,Bachelor's Degree,7,6,6,6,7,7,Bisexual,7,6,7,7,6,She/hers,Southwestern United States,6,6,AWS,7
199,0,1,1,0,0,0,0,0,0,0,0,0,0,22 - 30,Treatment,6,Bachelor's Degree,6,7,6,7,6,7,Bisexual,6,7,7,6,6,She/hers,Southwestern United States,7,6,AWS,7
205,0,1,1,0,0,0,0,0,0,0,0,0,0,22 - 30,Treatment,5,Bachelor's Degree,6,6,6,5,6,6,Heterosexual,6,5,5,5,6,He/his,Not located in United States,6,5,AWS,5
207,0,0,1,0,0,0,0,0,0,0,0,0,1,Over 60,Treatment,3,Some undergraduate college or post-secondary school,2,5,5,4,2,5,Heterosexual,2,3,4,5,4,She/hers,Midwestern United States,5,5,AWS,4
208,0,1,1,0,0,0,0,0,0,0,0,0,0,22 - 30,Treatment,5,Bachelor's Degree,5,5,6,4,5,5,Heterosexual,5,4,5,5,5,He/his,Not located in United States,6,6,AWS,5
214,0,1,1,0,0,0,0,0,0,0,0,0,0,22 - 30,Treatment,6,Bachelor's Degree,6,6,6,6,6,5,Heterosexual,6,6,5,6,6,He/his,Not located in United States,6,5,AWS,6
221,0,0,1,0,0,0,0,0,0,0,0,0,1,41 - 50,Treatment,4,High School/GED,2,6,6,6,4,6,Heterosexual,1,2,5,5,5,He/his,Not located in United States,3,4,AWS,4
222,0,0,0,1,0,0,0,0,0,0,0,0,1,22 - 30,Treatment,5,Some undergraduate college or post-secondary school,3,6,5,5,5,5,Heterosexual,3,6,5,6,5,He/his,Southwestern United States,6,5,AWS,5
223,0,0,1,0,0,0,0,0,0,0,0,0,1,51 - 60,Treatment,7,Some undergraduate college or post-secondary school,5,7,7,7,7,7,Heterosexual,7,7,7,7,7,She/hers,Southeastern United States,7,7,AWS,7
228,0,1,1,0,0,0,0,0,0,0,0,0,0,22 - 30,Treatment,6,Bachelor's Degree,6,5,6,5,6,6,Heterosexual,6,5,6,5,5,He/his,Not located in United States,5,5,AWS,6
232,0,1,1,0,0,0,0,0,0,0,0,0,0,22 - 30,Treatment,6,Bachelor's Degree,6,6,6,6,6,6,Heterosexual,6,6,6,5,6,He/his,Not located in United States,6,7,AWS,6
235,0,0,1,0,0,0,0,0,0,0,0,0,1,51 - 60,Treatment,5,Bachelor's Degree,1,7,5,7,4,5,Heterosexual,1,3,4,6,2,He/his,Northeastern United States,4,3,AWS,2
236,0,0,0,1,0,0,0,0,0,0,0,0,1,41 - 50,Treatment,5,Some undergraduate college or post-secondary school,1,6,5,5,3,5,Heterosexual,2,3,3,4,5,She/hers,Midwestern United States,5,3,AWS,4
241,0,1,1,0,0,0,0,0,0,0,0,0,0,22 - 30,Treatment,6,Bachelor's Degree,3,6,3,6,3,3,Heterosexual,3,6,5,5,5,He/his,Not located in United States,5,5,AWS,5
244,0,1,1,0,0,0,0,0,0,0,0,0,0,22 - 30,Treatment,5,Bachelor's Degree,4,5,4,6,5,5,Heterosexual,6,6,5,5,4,He/his,Not located in United States,4,5,AWS,5
245,0,1,1,0,0,0,0,0,0,0,0,0,0,31 - 40,Treatment,5,Bachelor's Degree,3,5,5,5,5,5,Heterosexual,2,5,4,5,5,He/his,Southeastern United States,5,5,AWS,5
249,0,0,1,0,0,0,0,0,0,0,0,0,1,41 - 50,Treatment,4,Master's Degree,1,5,5,5,3,5,Heterosexual,1,4,5,5,4,She/hers,Midwestern United States,3,3,AWS,4
250,1,0,0,0,0,0,0,0,0,0,0,1,0,51 - 60,Treatment,6,Bachelor's Degree,2,5,6,5,5,5,Heterosexual,2,3,4,5,5,She/hers,Northeastern United States,5,4,AWS,5
251,1,0,1,0,0,0,0,0,0,0,0,0,0,31 - 40,Treatment,6,Some graduate college,2,5,5,6,5,5,Heterosexual,3,3,2,6,6,She/hers,Northeastern United States,4,3,AWS,6
253,0,0,0,0,1,0,0,0,0,0,1,0,0,22 - 30,Treatment,4,Some undergraduate college or post-secondary school,1,5,4,4,3,3,Heterosexual,1,3,2,5,3,He/his,Western United States,5,3,AWS,3
262,0,1,1,0,0,0,0,0,0,0,0,0,0,22 - 30,Treatment,6,Bachelor's Degree,7,6,6,6,6,5,Heterosexual,7,5,7,6,6,He/his,Southeastern United States,5,6,AWS,7
263,0,0,1,0,0,0,0,0,0,0,0,0,1,22 - 30,Treatment,5,Master's Degree,6,6,5,6,5,5,Heterosexual,5,4,4,6,5,She/hers,Midwestern United States,4,6,AWS,5
265,0,1,1,0,0,0,0,0,0,0,0,0,0,22 - 30,Treatment,6,Bachelor's Degree,7,6,7,7,7,6,Bisexual,6,6,5,6,6,He/his,Southeastern United States,7,5,AWS,7
267,0,1,1,0,0,0,0,0,0,0,0,0,0,22 - 30,Treatment,7,Bachelor's Degree,6,5,6,6,6,7,Bisexual,5,7,6,6,5,He/his,Southeastern United States,7,6,AWS,6
268,0,0,1,0,0,0,0,0,0,0,0,0,1,41 - 50,Treatment,1,High School/GED,1,7,3,4,1,2,Heterosexual,1,1,1,6,1,She/hers,Midwestern United States,4,1,AWS,3
271,0,0,0,1,0,0,0,0,0,0,0,0,1,22 - 30,Treatment,3,Some graduate college,1,6,6,5,4,6,Heterosexual,3,3,3,6,6,He/his,Not located in United States,6,4,AWS,6
272,0,1,1,0,0,0,0,0,0,0,0,0,0,22 - 30,Treatment,6,Bachelor's Degree,6,6,6,7,7,5,Heterosexual,6,6,6,6,6,She/hers,Southeastern United States,6,6,AWS,6
274,0,1,1,0,0,0,0,0,0,0,0,0,0,22 - 30,Treatment,4,Bachelor's Degree,4,6,5,4,5,5,Bisexual,5,5,5,6,5,He/his,Not located in United States,6,5,AWS,5
279,0,1,1,0,0,0,0,0,0,0,0,0,0,22 - 30,Treatment,6,Bachelor's Degree,5,6,7,5,6,6,Heterosexual,6,6,5,7,6,He/his,Southeastern United States,6,6,AWS,5
280,0,0,1,0,0,0,0,0,1,0,0,0,0,31 - 40,Treatment,5,Bachelor's Degree,5,5,5,7,5,6,Bisexual,7,5,6,6,5,She/hers,Not located in United States,4,4,AWS,6
282,0,0,0,0,0,0,0,0,0,1,0,0,1,Over 60,Treatment,3,Master's Degree,3,5,4,3,3,3,Heterosexual,3,5,5,4,3,He/his,Midwestern United States,4,5,AWS,3
289,0,1,1,0,0,0,0,0,0,0,0,0,0,22 - 30,Treatment,6,Bachelor's Degree,6,6,7,6,7,6,Orientation not listed,6,7,7,7,7,She/hers,Western United States,7,7,AWS,6
290,0,0,1,0,0,0,0,0,0,0,0,0,1,31 - 40,Treatment,7,Some undergraduate college or post-secondary school,7,7,7,7,7,7,Heterosexual,7,7,7,7,7,She/hers,Southeastern United States,7,7,AWS,7
294,0,0,1,0,0,0,0,0,0,0,0,0,1,Over 60,Treatment,6,Some undergraduate college or post-secondary school,3,7,7,6,6,7,Heterosexual,3,5,6,7,6,They/theirs,Northeastern United States,6,5,AWS,6
295,0,1,1,0,0,0,0,0,0,0,0,0,0,22 - 30,Treatment,6,Bachelor's Degree,6,5,4,4,5,4,Heterosexual,4,5,5,5,4,He/his,Not located in United States,6,5,AWS,6
296,1,0,1,0,0,0,0,0,0,0,0,0,0,51 - 60,Treatment,6,Master's Degree,2,6,5,4,4,5,Heterosexual,3,5,6,5,5,She/hers,Southeastern United States,5,6,AWS,4
299,0,1,1,0,0,0,0,0,0,0,0,0,0,22 - 30,Treatment,5,Bachelor's Degree,5,5,6,5,5,5,Bisexual,4,5,6,5,5,He/his,Not located in United States,5,4,AWS,6
305,0,0,1,0,0,0,0,0,0,0,0,0,1,51 - 60,Treatment,6,Master's Degree,1,6,6,6,5,6,Gay/Lesbian,3,3,3,6,5,She/hers,Southeastern United States,6,3,AWS,5
306,0,1,1,0,0,0,0,0,0,0,0,0,0,22 - 30,Treatment,6,Bachelor's Degree,7,6,7,6,7,6,Heterosexual,7,6,7,6,6,She/hers,Southeastern United States,6,7,AWS,6
308,0,0,0,1,0,0,0,0,0,0,0,0,1,22 - 30,Treatment,4,Some undergraduate college or post-secondary school,3,5,4,5,5,5,Heterosexual,2,4,5,6,5,He/his,Not located in United States,6,5,AWS,5
309,0,1,1,0,0,0,0,0,0,0,0,0,0,31 - 40,Treatment,7,Master's Degree,1,7,7,7,7,7,Decline to state,1,1,1,7,7,He/his,Not located in United States,7,6,AWS,7
313,0,0,1,0,0,0,0,0,0,0,0,0,1,31 - 40,Treatment,6,Master's Degree,4,6,6,7,7,4,Bisexual,5,6,5,5,7,She/hers,Midwestern United States,5,6,AWS,5
314,0,0,1,0,0,0,0,0,0,0,0,0,1,41 - 50,Treatment,3,Some undergraduate college or post-secondary school,1,6,4,2,3,2,Heterosexual,1,3,3,5,2,He/his,Southwestern United States,4,3,AWS,3
318,0,0,1,0,0,0,0,0,0,0,0,0,1,22 - 30,Treatment,6,Master's Degree,3,7,6,6,6,6,Heterosexual,3,6,6,7,5,She/hers,Not located in United States,6,5,AWS,6
320,0,1,1,0,0,0,0,0,1,0,1,0,0,22 - 30,Treatment,7,Bachelor's Degree,6,7,7,7,7,7,Questioning,6,6,7,7,6,She/hers,Southwestern United States,6,6,AWS,6
321,0,0,1,0,0,0,0,0,0,0,0,0,1,22 - 30,Treatment,4,Master's Degree,7,7,7,7,7,7,Heterosexual,4,4,4,4,7,She/hers,Western United States,7,7,AWS,7
322,0,0,1,0,1,0,0,0,0,0,0,0,0,22 - 30,Treatment,5,Some graduate college,5,5,6,5,6,6,Heterosexual,6,6,5,5,5,He/his,Southeastern United States,6,6,AWS,6
323,1,0,1,0,0,0,0,0,0,0,0,0,1,41 - 50,Treatment,5,Bachelor's Degree,2,5,5,5,4,5,Heterosexual,2,4,4,5,5,She/hers,Southeastern United States,4,3,AWS,5
326,0,0,1,0,1,0,0,0,0,0,0,0,0,22 - 30,Treatment,5,Bachelor's Degree,7,6,7,6,6,7,Heterosexual,7,7,7,6,7,She/hers,Southeastern United States,6,6,AWS,6
330,0,1,1,0,0,1,0,0,0,0,0,0,0,22 - 30,Treatment,6,Bachelor's Degree,7,6,6,6,6,6,Asexual,7,6,7,7,7,She/hers,Southeastern United States,7,6,AWS,7
333,0,0,1,0,0,0,0,0,0,0,0,0,1,31 - 40,Treatment,4,Master's Degree,3,6,4,2,2,2,Heterosexual,2,6,6,5,2,She/hers,Southeastern United States,4,2,AWS,2
335,0,1,1,0,0,0,0,0,0,0,0,0,0,31 - 40,Treatment,6,Bachelor's Degree,2,6,6,6,6,6,Heterosexual,2,2,4,6,6,He/his,Western United States,6,4,AWS,6
338,0,0,1,0,0,0,0,0,0,0,0,0,1,31 - 40,Treatment,5,Bachelor's Degree,1,6,6,6,5,6,Gay/Lesbian,2,6,6,6,6,He/his,Not located in United States,4,6,AWS,6
339,0,1,1,0,0,0,0,0,0,0,0,0,0,22 - 30,Treatment,7,Bachelor's Degree,6,7,7,6,7,6,Bisexual,6,7,6,7,6,She/hers,Not located in United States,6,6,AWS,7
343,0,1,1,0,0,0,0,0,0,0,0,0,0,22 - 30,Treatment,7,Bachelor's Degree,5,6,5,6,7,5,Asexual,5,6,7,5,6,He/his,Southwestern United States,6,6,AWS,6
345,0,0,1,0,0,0,0,0,0,0,0,0,1,31 - 40,Treatment,6,Master's Degree,1,7,6,7,6,5,Heterosexual,1,7,6,5,5,He/his,Not located in United States,5,3,AWS,5
348,0,0,0,0,0,0,0,0,0,0,0,1,1,22 - 30,Treatment,6,Some undergraduate college or post-secondary school,4,7,5,5,6,5,Bisexual,4,6,6,6,5,He/his,Northeastern United States,6,6,AWS,6
349,0,0,0,0,0,0,0,0,0,1,0,0,1,Over 60,Treatment,3,Master's Degree,1,6,4,5,4,4,Heterosexual,2,2,2,4,3,She/hers,Southeastern United States,4,3,AWS,4
351,0,1,1,0,0,0,0,0,0,0,0,0,0,22 - 30,Treatment,6,Bachelor's Degree,6,7,6,6,7,6,Bisexual,6,6,7,7,7,She/hers,Not located in United States,6,6,AWS,7
352,0,1,1,0,0,0,0,0,0,0,0,0,0,22 - 30,Treatment,5,Bachelor's Degree,5,7,4,6,6,5,Heterosexual,5,5,5,6,6,He/his,Not located in United States,6,5,AWS,6
354,0,1,1,0,0,0,0,0,0,0,0,0,0,22 - 30,Treatment,6,Bachelor's Degree,6,7,6,7,7,6,Bisexual,7,7,6,7,7,She/hers,Southeastern United States,7,6,AWS,6
357,0,0,1,0,0,0,0,0,0,0,0,0,1,22 - 30,Treatment,5,Bachelor's Degree,6,6,6,6,6,5,Heterosexual,6,5,5,6,6,He/his,Midwestern United States,6,5,AWS,5
359,0,0,0,0,0,0,0,0,0,0,0,1,1,31 - 40,Treatment,3,High School/GED,2,5,5,5,3,3,Heterosexual,2,6,6,5,3,She/hers,Southeastern United States,5,5,AWS,2
360,0,1,1,0,0,0,0,0,0,0,0,0,0,22 - 30,Treatment,7,Bachelor's Degree,6,5,6,4,6,6,Asexual,7,4,4,6,7,He/his,Southeastern United States,7,6,AWS,7
362,0,1,1,0,0,0,0,0,0,0,0,0,0,22 - 30,Treatment,7,Bachelor's Degree,7,6,6,6,6,6,Bisexual,6,7,5,7,6,She/hers,Not located in United States,7,7,AWS,7
363,0,0,1,0,0,0,0,0,0,0,0,0,1,22 - 30,Treatment,5,Bachelor's Degree,2,5,5,5,5,5,Heterosexual,3,5,3,5,5,He/his,Northeastern United States,5,5,AWS,6
367,0,1,0,0,0,0,0,0,0,0,1,0,0,Under 21,Treatment,7,Some undergraduate college or post-secondary school,2,7,6,7,7,7,Bisexual,2,6,7,7,7,He/his,Western United States,7,6,AWS,7
374,0,1,1,0,0,0,0,0,0,0,0,0,0,22 - 30,Treatment,7,Bachelor's Degree,6,7,6,7,6,6,Heterosexual,7,7,6,6,7,He/his,Not located in United States,6,6,AWS,7
378,0,1,1,0,0,0,0,0,0,1,0,0,0,22 - 30,Treatment,7,Bachelor's Degree,6,6,7,6,6,6,Bisexual,6,5,6,7,7,She/hers,Not located in United States,6,6,AWS,5
381,0,1,1,0,0,0,0,0,0,0,0,0,0,22 - 30,Treatment,5,Bachelor's Degree,7,7,6,7,5,5,Bisexual,6,5,6,6,5,She/hers,Not located in United States,6,6,AWS,6
382,0,0,1,0,0,0,0,0,0,0,0,0,1,31 - 40,Treatment,5,Master's Degree,1,6,4,4,3,3,Heterosexual,1,2,1,5,4,She/hers,Northeastern United States,6,2,AWS,5
383,0,0,1,0,0,0,0,0,0,0,0,0,1,51 - 60,Treatment,5,High School/GED,3,6,5,5,4,5,Heterosexual,3,5,5,5,4,She/hers,Southeastern United States,5,5,AWS,5
384,1,0,1,0,0,0,0,0,0,0,0,0,1,41 - 50,Treatment,3,Some undergraduate college or post-secondary school,1,6,4,5,7,5,Heterosexual,4,5,5,6,4,Decline to state,Western United States,3,5,AWS,3
385,0,1,0,1,0,0,0,0,0,0,0,0,0,22 - 30,Treatment,6,Bachelor's Degree,6,6,6,6,5,7,Asexual,5,7,6,7,6,He/his,Not located in United States,7,5,AWS,7
388,0,1,1,0,0,0,0,0,0,0,0,0,0,22 - 30,Treatment,7,Bachelor's Degree,7,7,6,6,7,7,Bisexual,6,7,6,6,6,He/his,Not located in United States,6,7,AWS,6
391,0,0,1,0,0,0,1,0,0,0,0,0,0,22 - 30,Treatment,6,Some graduate college,6,3,5,5,5,6,Heterosexual,6,3,5,6,3,He/his,Northeastern United States,3,4,AWS,7
393,0,0,1,0,0,0,0,0,0,0,0,0,1,31 - 40,Treatment,6,Bachelor's Degree,2,7,6,6,4,5,Heterosexual,2,2,3,6,5,He/his,Northeastern United States,6,3,AWS,5
397,0,0,1,0,0,0,0,0,0,0,0,0,1,22 - 30,Treatment,4,Bachelor's Degree,1,6,4,4,5,4,Heterosexual,1,3,4,7,4,He/his,Northeastern United States,4,2,AWS,5
401,0,0,1,0,0,0,0,0,0,0,0,0,1,41 - 50,Treatment,3,Ph. D.,1,3,5,6,4,6,Heterosexual,1,3,3,5,3,He/his,Midwestern United States,5,3,AWS,3
402,0,1,0,1,0,0,0,0,0,0,0,0,0,22 - 30,Treatment,6,Bachelor's Degree,6,6,7,7,7,7,Bisexual,6,7,6,7,7,He/his,Not located in United States,6,6,AWS,6
404,0,0,1,0,0,0,0,0,0,0,0,0,1,31 - 40,Treatment,6,High School/GED,6,6,6,6,6,6,Heterosexual,5,6,6,6,6,She/hers,Northeastern United States,6,6,AWS,6
407,0,0,1,0,1,0,0,0,0,0,0,0,0,22 - 30,Treatment,5,Bachelor's Degree,5,5,6,6,5,6,Heterosexual,6,5,6,5,6,He/his,Southeastern United States,5,6,AWS,6
409,0,1,1,0,0,0,0,0,0,0,0,0,0,22 - 30,Treatment,5,High School/GED,5,4,5,4,4,4,Heterosexual,3,5,5,4,5,She/hers,Northeastern United States,5,4,AWS,4
410,0,0,1,0,0,0,0,0,0,0,0,0,1,31 - 40,Treatment,5,Bachelor's Degree,1,7,4,6,4,5,Heterosexual,4,4,4,6,4,He/his,Northeastern United States,5,4,AWS,5
414,0,1,1,0,0,0,0,0,0,0,0,0,0,22 - 30,Treatment,7,Bachelor's Degree,6,6,7,6,7,7,Questioning,6,6,6,7,7,He/his,Southeastern United States,7,6,AWS,6
416,0,1,1,0,0,0,0,0,0,0,0,0,0,22 - 30,Treatment,5,Bachelor's Degree,6,5,5,5,6,7,Bisexual,6,6,7,6,7,He/his,Southwestern United States,5,6,AWS,6
422,0,0,1,0,0,0,0,0,0,0,0,0,1,31 - 40,Treatment,6,Bachelor's Degree,1,6,6,6,6,7,Heterosexual,6,5,7,5,5,He/his,Southeastern United States,5,5,AWS,6
424,0,0,0,0,0,0,0,0,0,0,0,1,1,51 - 60,Treatment,6,Some undergraduate college or post-secondary school,1,7,7,6,5,5,Heterosexual,3,2,3,5,5,He/his,Northeastern United States,6,3,AWS,7
425,0,0,0,1,0,0,0,0,0,0,0,0,1,22 - 30,Treatment,5,Some undergraduate college or post-secondary school,2,7,6,5,5,7,Heterosexual,3,6,6,6,6,She/hers,Northeastern United States,6,7,AWS,6
426,0,1,1,0,0,0,0,0,0,0,0,0,0,22 - 30,Treatment,7,Bachelor's Degree,6,6,7,7,6,7,Bisexual,7,7,6,6,6,He/his,Southeastern United States,6,7,AWS,6
428,0,1,1,0,0,0,0,0,0,0,0,0,0,31 - 40,Treatment,4,Master's Degree,2,5,5,5,5,5,Heterosexual,2,5,3,5,3,She/hers,Western United States,5,3,AWS,3
430,0,0,1,0,0,0,0,0,0,0,0,0,1,22 - 30,Treatment,7,Some undergraduate college or post-secondary school,3,7,7,7,6,7,Heterosexual,2,7,7,7,7,He/his,Northeastern United States,7,7,AWS,7
434,0,0,0,1,0,0,0,0,0,0,0,0,1,41 - 50,Treatment,6,Some undergraduate college or post-secondary school,2,6,5,6,4,6,Heterosexual,2,5,5,6,4,She/hers,Northeastern United States,6,2,AWS,5
436,0,1,1,0,0,0,0,0,0,0,0,0,0,22 - 30,Treatment,7,Bachelor's Degree,7,6,7,6,7,7,Bisexual,6,6,6,6,7,She/hers,Not located in United States,6,7,AWS,6
441,0,0,1,0,0,0,0,0,0,0,0,0,1,22 - 30,Treatment,4,Bachelor's Degree,4,6,4,4,3,5,Bisexual,3,4,4,5,5,He/his,Midwestern United States,5,3,AWS,4
442,0,1,0,1,0,0,0,0,0,0,0,0,0,31 - 40,Treatment,6,Bachelor's Degree,6,6,5,6,6,5,Bisexual,6,6,6,6,6,He/his,Not located in United States,4,6,AWS,6
445,0,0,0,0,0,0,0,0,0,0,1,0,1,22 - 30,Treatment,7,Bachelor's Degree,5,7,6,6,5,6,Heterosexual,3,7,7,7,7,He/his,Not located in United States,6,7,AWS,7
446,0,0,0,0,0,0,0,0,0,1,0,0,1,Over 60,Treatment,5,Some undergraduate college or post-secondary school,3,6,4,5,5,5,Heterosexual,2,5,5,6,5,She/hers,Western United States,5,4,AWS,5
450,0,1,0,1,0,0,0,0,0,0,0,0,0,22 - 30,Treatment,5,Bachelor's Degree,5,5,5,6,7,6,Bisexual,7,6,6,5,7,She/hers,Southeastern United States,7,6,AWS,6
452,0,0,0,0,0,0,0,0,0,0,1,0,1,Under 21,Treatment,3,Some undergraduate college or post-secondary school,2,5,5,3,2,6,Heterosexual,2,3,3,6,3,He/his,Midwestern United States,4,3,AWS,4
453,0,1,0,0,0,0,0,0,0,0,0,1,0,41 - 50,Treatment,2,Some undergraduate college or post-secondary school,1,6,6,6,1,6,Heterosexual,1,1,1,6,2,She/hers,Southwestern United States,5,1,AWS,2
454,0,0,0,1,0,0,0,0,0,0,0,0,1,22 - 30,Treatment,7,Some undergraduate college or post-secondary school,1,7,6,7,5,6,Bisexual,2,7,6,7,5,She/hers,Western United States,7,7,AWS,6
456,0,0,0,0,0,0,0,0,0,1,0,0,1,51 - 60,Treatment,5,Master's Degree,1,6,7,6,4,7,Heterosexual,1,4,4,7,6,She/hers,Southeastern United States,6,4,AWS,4
458,0,0,1,0,0,0,0,0,0,0,0,0,1,22 - 30,Treatment,5,High School/GED,5,4,4,5,4,3,Heterosexual,3,4,3,2,4,He/his,Southeastern United States,4,4,AWS,3
463,0,1,1,0,0,0,0,0,0,0,0,0,0,22 - 30,Treatment,5,Bachelor's Degree,5,5,6,5,5,6,Heterosexual,6,5,5,6,6,He/his,Northeastern United States,6,5,AWS,7
464,0,0,1,0,0,0,1,0,0,0,0,0,0,31 - 40,Treatment,6,Bachelor's Degree,3,7,5,5,3,4,Heterosexual,1,2,3,6,3,He/his,Midwestern United States,5,3,AWS,4
469,0,1,1,0,0,0,0,0,0,0,0,0,0,22 - 30,Treatment,5,Bachelor's Degree,4,5,4,6,5,4,Bisexual,4,5,4,4,5,Decline to state,Not located in United States,4,4,AWS,5
470,0,0,1,0,0,0,0,0,0,0,0,0,1,31 - 40,Treatment,6,Bachelor's Degree,3,6,6,6,6,6,Heterosexual,5,6,6,6,6,She/hers,Southeastern United States,6,6,AWS,6
471,0,0,1,0,0,0,0,0,1,0,0,0,1,41 - 50,Treatment,5,Master's Degree,2,6,4,5,5,4,Heterosexual,2,5,6,6,5,He/his,Northeastern United States,3,4,AWS,5
473,0,0,1,0,0,0,0,0,0,0,0,0,1,31 - 40,Treatment,5,Bachelor's Degree,3,6,6,5,5,7,Heterosexual,3,6,6,7,4,He/his,Western United States,7,4,AWS,5
474,0,1,1,0,0,0,0,0,0,0,0,0,0,22 - 30,Treatment,6,Some graduate college,3,6,5,6,6,6,Heterosexual,4,6,6,6,5,He/his,Southeastern United States,5,6,AWS,6
476,0,0,1,0,0,0,0,0,0,0,0,0,1,41 - 50,Treatment,6,Master's Degree,2,6,4,6,5,6,Heterosexual,4,4,6,6,6,He/his,Not located in United States,6,4,AWS,6
479,0,0,1,0,0,0,0,0,0,0,0,0,1,41 - 50,Treatment,5,High School/GED,1,7,5,4,5,4,Heterosexual,1,7,5,7,5,She/hers,Northeastern United States,5,4,AWS,6
480,0,0,1,0,0,0,0,0,0,0,0,0,1,31 - 40,Treatment,5,Master's Degree,7,5,4,6,5,5,Bisexual,4,6,5,5,4,She/hers,Midwestern United States,6,6,AWS,6
484,0,0,1,0,0,0,0,0,0,0,0,0,1,41 - 50,Treatment,6,Some graduate college,5,5,6,5,6,5,Heterosexual,3,5,5,6,5,She/hers,Northeastern United States,5,5,AWS,5
486,0,0,0,1,0,0,0,0,0,0,0,0,1,31 - 40,Treatment,3,Master's Degree,3,5,3,3,4,4,Gay/Lesbian,3,3,3,5,3,He/his,Not located in United States,5,3,AWS,3
487,0,1,1,0,0,0,0,0,0,0,0,0,0,31 - 40,Treatment,6,Master's Degree,5,6,6,6,4,6,Heterosexual,2,6,5,6,5,She/hers,Southeastern United States,5,4,AWS,5
492,0,0,0,0,0,0,0,0,0,0,1,0,1,22 - 30,Treatment,6,Some high school,1,7,5,6,6,6,Bisexual,3,7,5,6,6,He/his,Not located in United States,6,6,AWS,6
493,0,0,1,0,0,0,0,0,0,0,0,0,1,22 - 30,Treatment,5,Some graduate college,2,4,3,5,4,5,Heterosexual,5,2,5,5,4,She/hers,Midwestern United States,3,5,AWS,3
497,0,0,0,1,0,0,0,0,0,0,0,0,1,31 - 40,Treatment,3,Bachelor's Degree,2,4,3,4,3,4,Heterosexual,1,3,4,3,3,She/hers,Western United States,4,2,AWS,3
501,0,0,1,0,0,0,0,0,0,0,0,0,1,Over 60,Treatment,5,High School/GED,1,6,5,6,5,6,Heterosexual,2,6,6,6,5,He/his,Midwestern United States,6,6,AWS,5
505,0,0,0,0,0,0,0,0,0,0,0,0,0,41 - 50,Treatment,4,Master's Degree,1,5,4,5,4,4,Decline to state,1,1,5,5,4,Decline to state,Not located in United States,4,4,AWS,4
506,0,0,1,0,0,0,0,0,0,0,0,0,1,31 - 40,Treatment,6,Master's Degree,5,5,5,6,6,6,Heterosexual,5,5,5,5,6,He/his,Southeastern United States,4,6,AWS,5
508,0,1,1,0,0,0,0,0,0,0,0,0,0,31 - 40,Treatment,6,Bachelor's Degree,1,7,4,6,6,4,Heterosexual,3,6,4,6,6,He/his,Not located in United States,6,6,AWS,6
509,0,0,1,0,0,0,0,0,0,0,0,0,1,31 - 40,Treatment,7,Bachelor's Degree,6,5,6,7,5,5,Heterosexual,6,7,6,4,7,He/his,Midwestern United States,7,6,AWS,7
510,0,0,1,0,1,0,0,0,0,0,0,0,0,22 - 30,Treatment,6,Bachelor's Degree,7,7,7,4,5,5,Bisexual,6,5,6,6,6,They/theirs,Southwestern United States,6,5,AWS,7
511,0,0,1,0,0,0,0,0,0,0,0,0,1,31 - 40,Treatment,2,Master's Degree,1,7,4,5,5,5,Heterosexual,2,3,5,6,3,He/his,Midwestern United States,6,6,AWS,6
513,0,0,1,0,0,0,1,0,0,0,0,0,0,22 - 30,Treatment,4,Bachelor's Degree,3,3,3,3,4,3,Heterosexual,4,2,4,1,3,He/his,Midwestern United States,3,2,AWS,3
514,1,0,1,0,0,0,0,0,0,0,0,0,0,22 - 30,Treatment,7,Bachelor's Degree,7,7,7,7,7,7,Heterosexual,7,7,7,7,7,He/his,Western United States,7,7,AWS,7
516,0,0,1,0,0,0,0,0,0,0,0,0,1,31 - 40,Treatment,4,Some undergraduate college or post-secondary school,1,5,5,4,4,5,Heterosexual,3,4,4,4,2,He/his,Midwestern United States,4,4,AWS,2
518,1,0,0,1,0,0,0,0,0,0,0,0,0,31 - 40,Treatment,6,Some undergraduate college or post-secondary school,2,6,6,6,6,6,Heterosexual,1,4,6,6,6,She/hers,Southeastern United States,6,6,AWS,6
519,0,0,1,0,0,0,0,0,0,0,0,0,1,41 - 50,Treatment,2,Bachelor's Degree,2,4,4,4,3,6,Heterosexual,1,4,3,5,2,She/hers,Northeastern United States,3,2,AWS,2
529,0,0,1,0,0,0,0,0,0,0,0,0,1,51 - 60,Treatment,7,Bachelor's Degree,2,7,7,7,7,7,Heterosexual,4,7,7,7,7,She/hers,Southeastern United States,7,7,AWS,6
530,0,0,1,0,0,0,0,0,0,0,0,0,1,41 - 50,Treatment,4,Some graduate college,1,4,4,5,4,5,Heterosexual,2,4,4,4,4,She/hers,Northeastern United States,2,4,AWS,2
531,0,0,1,0,0,0,0,0,0,0,0,0,1,51 - 60,Treatment,6,Bachelor's Degree,5,6,7,6,6,6,Heterosexual,5,6,6,6,5,He/his,Northeastern United States,5,7,AWS,6
534,0,0,1,0,0,0,0,0,0,0,0,0,1,31 - 40,Treatment,6,Master's Degree,5,5,6,5,6,5,Heterosexual,5,5,5,6,6,He/his,Southeastern United States,5,5,AWS,4
535,0,0,1,0,0,0,0,0,0,0,0,0,1,Over 60,Treatment,4,Master's Degree,1,6,5,5,4,6,Heterosexual,1,2,2,7,3,She/hers,Midwestern United States,4,3,AWS,3
538,0,0,0,0,1,0,0,0,0,0,0,1,0,22 - 30,Treatment,6,Some undergraduate college or post-secondary school,1,7,7,7,6,7,Heterosexual,4,4,4,7,6,She/hers,Southeastern United States,7,6,AWS,6
539,0,0,0,0,0,0,0,0,0,0,1,0,1,Under 21,Treatment,6,Some undergraduate college or post-secondary school,2,6,6,6,6,6,Heterosexual,2,4,3,7,6,She/hers,Midwestern United States,6,3,AWS,6
541,0,0,0,0,0,0,0,0,0,0,0,1,1,22 - 30,Treatment,7,Bachelor's Degree,1,7,7,7,4,7,Bisexual,2,7,7,7,6,She/hers,Northeastern United States,7,6,AWS,7
543,0,1,1,0,0,0,0,0,0,0,0,0,0,22 - 30,Treatment,6,Bachelor's Degree,6,6,6,7,6,5,Heterosexual,1,6,5,7,5,He/his,Not located in United States,4,3,AWS,7
547,1,0,0,0,0,0,0,0,0,0,0,1,0,51 - 60,Treatment,5,Some undergraduate college or post-secondary school,3,5,6,6,5,5,Heterosexual,3,4,5,5,5,She/hers,Southeastern United States,6,5,AWS,5
548,0,0,1,0,1,0,0,0,0,0,0,0,0,22 - 30,Treatment,2,Bachelor's Degree,4,3,2,2,2,2,Heterosexual,2,3,3,3,1,He/his,Southeastern United States,1,3,AWS,1
549,0,0,1,0,0,0,0,0,0,0,0,0,1,22 - 30,Treatment,7,High School/GED,7,7,7,7,7,7,Heterosexual,7,7,7,7,7,He/his,Midwestern United States,5,7,AWS,7
551,0,0,1,0,0,0,0,0,0,0,0,0,1,51 - 60,Treatment,6,Ph. D.,1,6,6,6,6,6,Heterosexual,2,6,6,6,6,He/his,Northeastern United States,6,6,AWS,6
552,0,1,1,0,0,0,0,0,0,0,0,0,0,22 - 30,Treatment,5,Bachelor's Degree,6,4,3,6,6,3,Heterosexual,3,4,5,3,5,He/his,Southwestern United States,6,5,AWS,4
555,0,0,1,0,0,0,0,0,0,0,0,0,1,31 - 40,Treatment,6,Bachelor's Degree,6,7,7,6,7,7,Heterosexual,6,7,7,6,7,They/theirs,Not located in United States,6,7,AWS,6
556,0,0,1,0,0,0,0,0,0,0,0,0,1,31 - 40,Treatment,4,Master's Degree,3,6,4,6,4,4,Heterosexual,3,6,6,5,4,He/his,Midwestern United States,6,6,AWS,4
557,0,0,1,0,0,0,0,0,0,0,0,0,1,31 - 40,Treatment,3,Bachelor's Degree,2,6,5,5,3,4,Heterosexual,2,3,2,6,2,She/hers,Midwestern United States,5,3,AWS,3
559,0,1,1,0,0,0,0,0,0,0,0,0,0,22 - 30,Treatment,7,Bachelor's Degree,6,7,6,6,6,6,Heterosexual,7,6,6,7,6,He/his,Not located in United States,7,7,AWS,6
560,0,0,1,0,0,0,0,0,0,0,0,0,1,31 - 40,Treatment,7,Some undergraduate college or post-secondary school,6,7,7,6,5,7,Heterosexual,5,3,4,6,7,They/theirs,Not located in United States,7,7,AWS,7
564,0,0,1,0,0,0,0,0,0,0,0,0,1,31 - 40,Treatment,5,Bachelor's Degree,2,6,6,6,4,6,Heterosexual,3,6,6,6,5,He/his,Northeastern United States,5,5,AWS,6
565,0,0,0,0,0,0,0,0,0,0,0,1,1,31 - 40,Treatment,6,Bachelor's Degree,3,7,1,2,7,5,Heterosexual,4,3,6,2,5,He/his,Northeastern United States,6,6,AWS,4
566,0,0,1,0,0,0,0,0,0,0,0,0,1,51 - 60,Treatment,6,Bachelor's Degree,2,6,6,6,6,6,Gay/Lesbian,4,4,4,6,6,He/his,Southwestern United States,6,6,AWS,6
569,0,1,1,0,0,0,0,0,0,0,0,0,0,22 - 30,Treatment,6,Bachelor's Degree,6,6,6,6,6,7,Heterosexual,6,7,7,5,7,He/his,Not located in United States,7,6,AWS,7
570,0,0,1,0,0,0,0,0,0,0,0,0,1,31 - 40,Treatment,1,Some graduate college,1,5,4,4,1,4,Heterosexual,1,2,1,5,1,He/his,Northeastern United States,4,1,AWS,1
572,0,1,1,0,0,0,0,0,0,0,0,0,0,22 - 30,Treatment,4,Some graduate college,7,6,6,7,4,7,Asexual,7,6,5,5,6,She/hers,Not located in United States,6,5,AWS,5
574,0,0,0,0,1,0,0,0,0,0,1,0,0,Under 21,Treatment,7,High School/GED,7,6,7,6,7,4,Heterosexual,7,6,7,7,7,He/his,Not located in United States,4,6,AWS,6
576,0,0,0,1,0,0,0,0,0,0,0,0,1,51 - 60,Treatment,4,Some undergraduate college or post-secondary school,4,4,4,4,4,5,Gay/Lesbian,4,4,4,5,4,He/his,Southeastern United States,5,4,AWS,4
579,0,0,1,0,0,0,0,0,0,0,0,0,1,31 - 40,Treatment,5,High School/GED,5,6,7,6,5,6,Heterosexual,5,6,5,4,6,He/his,Not located in United States,5,4,AWS,5
581,0,0,1,0,1,0,0,0,0,0,0,0,0,22 - 30,Treatment,7,High School/GED,4,7,6,5,5,7,Heterosexual,1,7,7,7,5,He/his,Northeastern United States,7,7,AWS,7
584,0,1,1,0,0,0,0,0,0,0,0,0,0,31 - 40,Treatment,7,Bachelor's Degree,4,7,6,6,6,7,Heterosexual,5,7,7,7,6,He/his,Northeastern United States,6,7,AWS,7
586,0,0,1,0,0,0,0,0,0,0,0,0,1,51 - 60,Treatment,5,Bachelor's Degree,2,3,5,7,6,5,Heterosexual,1,6,3,4,2,He/his,Midwestern United States,4,2,AWS,2
588,0,0,0,0,1,0,0,0,0,0,0,1,0,31 - 40,Treatment,3,Ph. D.,1,4,4,4,3,5,Heterosexual,1,4,5,4,1,She/hers,Western United States,1,5,AWS,2
589,0,0,1,0,0,0,0,0,0,0,0,0,1,31 - 40,Treatment,4,Some undergraduate college or post-secondary school,1,5,5,6,3,5,Heterosexual,2,1,2,5,4,He/his,Northeastern United States,3,3,AWS,4
595,0,1,1,0,0,0,0,0,0,0,0,0,1,31 - 40,Treatment,4,Bachelor's Degree,1,6,4,6,4,5,Heterosexual,3,3,5,6,5,He/his,Midwestern United States,4,5,AWS,4
596,0,1,1,0,0,0,0,0,0,0,0,0,0,22 - 30,Treatment,7,Bachelor's Degree,6,7,7,7,7,5,Bisexual,7,6,6,7,6,He/his,Not located in United States,7,6,AWS,7
599,0,0,0,1,0,0,0,0,0,0,0,0,1,51 - 60,Treatment,6,High School/GED,5,6,5,5,5,6,Heterosexual,5,6,5,6,6,She/hers,Northeastern United States,6,6,AWS,6
602,0,1,1,0,0,0,0,0,0,0,0,0,0,41 - 50,Treatment,6,Bachelor's Degree,2,6,5,5,5,5,Heterosexual,3,5,5,6,5,She/hers,Northeastern United States,6,5,AWS,6
605,1,0,1,0,0,0,0,0,0,0,0,0,0,22 - 30,Treatment,6,Some graduate college,6,6,6,6,6,6,Heterosexual,6,6,6,6,6,She/hers,Northeastern United States,6,6,AWS,6
606,0,0,1,0,0,0,0,0,0,0,0,0,1,31 - 40,Treatment,6,Master's Degree,1,6,6,7,5,6,Heterosexual,1,3,2,6,4,She/hers,Northeastern United States,6,3,AWS,3
607,1,0,1,0,0,0,0,0,0,0,0,0,0,22 - 30,Treatment,7,Some undergraduate college or post-secondary school,1,7,7,5,6,7,Heterosexual,1,7,7,7,7,She/hers,Midwestern United States,7,7,AWS,7
608,0,1,0,1,0,0,0,0,0,0,0,0,0,22 - 30,Treatment,7,Bachelor's Degree,5,6,6,7,6,6,Heterosexual,6,5,6,6,6,He/his,Not located in United States,6,7,AWS,6
611,0,1,0,1,0,0,0,0,0,0,0,0,0,22 - 30,Treatment,7,Bachelor's Degree,7,6,6,6,7,6,Heterosexual,6,7,6,7,7,She/hers,Not located in United States,7,6,AWS,6
612,0,0,0,0,0,0,0,0,0,0,0,1,1,41 - 50,Treatment,7,High School/GED,7,7,6,7,5,7,Heterosexual,7,7,7,7,7,He/his,Midwestern United States,7,7,AWS,5
613,0,1,0,1,0,0,0,0,0,0,0,0,0,22 - 30,Treatment,7,Bachelor's Degree,7,6,7,6,6,6,Heterosexual,6,7,7,6,6,He/his,Not located in United States,7,6,AWS,6
614,0,0,0,0,0,0,0,0,0,0,0,1,1,31 - 40,Treatment,4,Bachelor's Degree,4,6,5,5,5,2,Heterosexual,4,4,4,5,3,She/hers,Not located in United States,5,5,AWS,6
615,0,1,0,0,0,0,0,0,0,0,0,1,0,31 - 40,Treatment,4,Bachelor's Degree,4,4,4,4,4,4,Heterosexual,4,5,4,5,4,He/his,Northeastern United States,4,5,AWS,4
617,1,0,0,0,0,0,0,0,0,0,0,1,0,31 - 40,Treatment,6,Bachelor's Degree,3,6,7,6,7,6,Heterosexual,3,6,4,7,6,She/hers,Southeastern United States,6,6,AWS,6
623,0,0,1,0,0,0,0,0,0,0,0,0,1,Over 60,Treatment,6,Bachelor's Degree,6,7,6,6,5,6,Heterosexual,2,6,6,7,6,She/hers,Northeastern United States,7,6,AWS,6
624,0,0,1,0,0,0,0,0,0,0,0,0,1,22 - 30,Treatment,5,Master's Degree,5,5,6,5,6,5,Heterosexual,5,5,4,5,6,He/his,Southeastern United States,4,6,AWS,5
627,1,0,1,0,0,0,0,0,0,0,0,0,0,22 - 30,Treatment,5,Bachelor's Degree,2,7,6,6,4,6,Heterosexual,2,7,7,5,5,He/his,Western United States,5,5,AWS,5
631,0,0,0,1,1,0,0,0,0,0,0,0,0,31 - 40,Treatment,4,Bachelor's Degree,1,4,4,4,6,4,Heterosexual,2,3,3,3,3,He/his,Not located in United States,3,3,AWS,4
633,0,0,1,0,0,0,0,0,0,0,0,0,1,51 - 60,Treatment,5,Some graduate college,2,5,4,5,4,4,Heterosexual,2,5,5,5,5,She/hers,Northeastern United States,4,3,AWS,5
634,0,0,1,0,0,0,0,0,0,0,0,0,1,51 - 60,Treatment,6,High School/GED,5,7,6,6,5,6,Bisexual,3,6,6,7,5,She/hers,Midwestern United States,6,6,AWS,5
635,0,0,1,0,0,0,0,0,0,0,0,0,1,22 - 30,Treatment,7,High School/GED,4,7,6,7,7,7,Heterosexual,6,6,7,7,7,He/his,Northeastern United States,7,7,AWS,7
637,0,0,1,0,0,0,0,0,0,0,0,0,1,41 - 50,Treatment,3,Bachelor's Degree,2,5,5,5,4,4,Heterosexual,2,5,4,6,3,He/his,Southeastern United States,4,4,AWS,3
638,0,0,0,1,1,0,0,0,0,0,0,0,0,31 - 40,Treatment,4,Master's Degree,1,4,4,4,3,4,Heterosexual,1,2,2,4,3,She/hers,Not located in United States,3,3,AWS,4
642,0,0,1,0,0,0,0,0,0,0,0,0,1,31 - 40,Treatment,7,Bachelor's Degree,1,7,6,7,6,6,Heterosexual,4,5,5,7,6,He/his,Midwestern United States,6,6,AWS,6
645,0,0,1,0,0,0,0,0,0,0,0,0,1,41 - 50,Treatment,5,Some undergraduate college or post-secondary school,1,6,5,5,4,5,Heterosexual,1,4,4,6,6,She/hers,Southeastern United States,6,5,AWS,5
646,0,0,1,0,0,0,0,0,0,0,0,0,1,31 - 40,Treatment,2,Some undergraduate college or post-secondary school,1,5,4,4,4,5,Bisexual,3,5,5,5,4,She/hers,Northeastern United States,5,1,AWS,4
650,0,0,1,0,0,0,0,0,0,0,0,0,1,31 - 40,Treatment,7,Some undergraduate college or post-secondary school,1,7,7,7,6,7,Heterosexual,1,6,6,7,7,He/his,Midwestern United States,7,6,AWS,7
652,0,1,1,0,0,0,0,0,0,0,0,0,0,51 - 60,Treatment,4,Some undergraduate college or post-secondary school,5,5,6,5,4,5,Heterosexual,4,3,5,5,4,He/his,Western United States,4,5,AWS,3
655,0,0,0,1,0,0,0,0,0,0,0,0,1,51 - 60,Treatment,4,Some undergraduate college or post-secondary school,1,3,5,6,2,4,Heterosexual,2,3,5,4,3,She/hers,Southwestern United States,2,3,AWS,2
657,0,0,0,0,0,0,0,0,0,0,0,1,1,41 - 50,Treatment,6,High School/GED,1,6,5,5,5,5,Heterosexual,2,6,5,6,5,She/hers,Northeastern United States,5,6,AWS,5
658,0,0,1,0,0,0,1,0,0,0,0,0,0,22 - 30,Treatment,6,Bachelor's Degree,6,7,7,7,5,7,Bisexual,6,6,5,6,7,He/his,Midwestern United States,6,6,AWS,7
2,,1,1,0,0,0,,,,,0,,0,22 - 30,Control,7,Master's Degree,2,7,7,7,7,7,Heterosexual,5,7,7,7,7,He/his,Western United States,7,7,MIDS,7
4,,0,1,0,0,0,,,,,0,,1,31 - 40,Control,6,Some graduate college,6,6,5,6,6,4,Heterosexual,6,6,6,6,6,He/his,Western United States,6,6,MIDS,6
7,,1,1,0,0,0,,,,,0,,1,31 - 40,Control,7,Some graduate college,6,7,6,7,7,6,Heterosexual,6,7,7,6,6,She/hers,Southwestern United States,6,7,MIDS,6
10,,0,1,0,0,0,,,,,0,,0,41 - 50,Control,6,Master's Degree,2,6,4,6,6,4,Heterosexual,7,7,7,6,4,He/his,Western United States,6,6,MIDS,4
11,,0,1,0,0,0,,,,,0,,1,22 - 30,Control,3,Some graduate college,1,5,5,6,5,5,Heterosexual,4,5,5,4,3,She/hers,Southwestern United States,3,6,MIDS,2
13,,0,0,0,0,0,,,,,1,,1,51 - 60,Control,5,Master's Degree,2,5,4,6,4,6,Heterosexual,3,6,5,6,4,She/hers,Not located in United States,6,6,MIDS,4
16,,0,1,0,0,0,,,,,0,,1,41 - 50,Control,5,Master's Degree,2,6,6,7,4,7,Heterosexual,3,7,7,6,5,He/his,Not located in United States,6,5,MIDS,6
19,,0,1,0,0,0,,,,,0,,1,51 - 60,Control,3,Master's Degree,1,4,3,3,3,5,Heterosexual,2,2,3,4,2,He/his,Western United States,3,3,MIDS,3
24,,0,1,0,0,0,,,,,0,,1,31 - 40,Control,4,Ph. D.,2,4,5,4,4,4,Heterosexual,1,5,3,4,3,She/hers,Western United States,4,3,MIDS,3
26,,1,1,0,0,0,,,,,0,,0,22 - 30,Control,6,Master's Degree,1,5,6,7,6,5,Heterosexual,6,3,5,6,5,He/his,Southwestern United States,6,6,MIDS,5
29,,1,1,0,0,0,,,,,0,,0,31 - 40,Control,6,Ph. D.,6,6,5,6,5,6,Heterosexual,6,6,7,6,6,She/hers,Northeastern United States,7,6,MIDS,6
30,,0,1,0,0,0,,,,,0,,1,31 - 40,Control,4,Ph. D.,6,4,6,6,5,6,Heterosexual,6,6,6,4,6,He/his,Western United States,6,6,MIDS,5
32,,0,1,0,0,1,,,,,0,,0,41 - 50,Control,4,Master's Degree,6,6,4,4,4,4,Heterosexual,6,6,6,4,4,He/his,Not located in United States,4,6,MIDS,4
34,,0,1,0,0,0,,,,,0,,1,22 - 30,Control,7,Master's Degree,5,6,6,6,7,6,Heterosexual,2,7,5,5,6,He/his,Northeastern United States,6,5,MIDS,6
36,,1,1,0,0,0,,,,,0,,0,22 - 30,Control,6,Master's Degree,3,7,4,7,7,7,Heterosexual,3,7,5,6,7,He/his,Western United States,7,7,MIDS,7
38,,0,1,0,0,0,,,,,0,,1,22 - 30,Control,5,Master's Degree,3,5,6,6,5,6,Heterosexual,3,6,5,5,5,She/hers,Southeastern United States,5,5,MIDS,6
40,,0,1,0,0,0,,,,,0,,1,31 - 40,Control,5,Bachelor's Degree,3,5,4,5,4,5,Heterosexual,5,5,5,4,4,He/his,Northeastern United States,5,5,MIDS,4
42,,0,1,0,1,0,,,,,0,,1,31 - 40,Control,4,Master's Degree,4,6,4,6,4,5,Heterosexual,5,6,7,5,4,He/his,Not located in United States,6,6,MIDS,5
43,,0,1,0,0,0,,,,,0,,1,22 - 30,Control,6,Master's Degree,2,5,4,4,6,4,Bisexual,2,5,3,5,5,She/hers,Western United States,6,6,MIDS,5
47,,0,1,0,0,0,,,,,0,,1,41 - 50,Control,5,Master's Degree,6,7,3,6,2,5,Heterosexual,1,2,6,7,3,He/his,Southeastern United States,3,4,MIDS,3
3,,0,1,0,0,0,,,,,0,,1,22 - 30,Treatment,5,Master's Degree,3,6,5,5,4,5,Heterosexual,2,5,5,7,4,He/his,Western United States,5,6,MIDS,4
6,,0,1,0,0,0,,,,,0,,1,41 - 50,Treatment,3,Master's Degree,2,5,5,5,3,6,Heterosexual,2,3,6,5,2,He/his,Western United States,4,5,MIDS,4
8,,0,0,1,0,0,,,,,0,,1,22 - 30,Treatment,1,Some graduate college,1,5,2,2,2,3,Heterosexual,1,2,3,4,1,She/hers,Midwestern United States,1,2,MIDS,1
9,,0,1,0,0,0,,,,,0,,1,22 - 30,Treatment,5,Bachelor's Degree,3,6,6,6,4,6,Heterosexual,3,5,6,7,6,He/his,Not located in United States,6,5,MIDS,6
12,,0,1,0,0,0,,,,,0,,1,22 - 30,Treatment,6,Some graduate college,1,6,4,3,4,4,Heterosexual,2,4,5,7,3,She/hers,Northeastern United States,5,5,MIDS,3
14,,0,0,0,0,0,,,,,1,,1,41 - 50,Treatment,5,Master's Degree,3,6,6,6,5,6,Heterosexual,3,4,6,7,6,He/his,Western United States,5,3,MIDS,5
15,,0,1,0,0,0,,,,,0,,1,31 - 40,Treatment,4,Master's Degree,1,7,4,4,3,5,Heterosexual,2,3,3,6,3,He/his,Western United States,4,2,MIDS,3
17,,0,1,0,0,0,,,,,0,,1,41 - 50,Treatment,6,Master's Degree,4,7,6,6,5,6,Heterosexual,4,6,7,7,5,He/his,Western United States,6,6,MIDS,5
18,,0,0,0,0,0,,,,,1,,1,41 - 50,Treatment,6,Ph. D.,2,6,5,5,5,4,Heterosexual,3,6,7,5,5,She/hers,Western United States,5,6,MIDS,5
21,,1,1,0,0,0,,,,,0,,0,22 - 30,Treatment,6,Some graduate college,1,7,4,3,4,6,Heterosexual,1,2,6,7,5,He/his,Midwestern United States,5,5,MIDS,5
22,,0,1,0,0,0,,,,,0,,1,31 - 40,Treatment,4,Master's Degree,1,7,5,5,3,6,Heterosexual,3,3,3,5,4,She/hers,Not located in United States,5,3,MIDS,3
25,,1,1,0,0,0,,,,,0,,0,22 - 30,Treatment,5,Some graduate college,3,5,4,4,3,4,Heterosexual,3,5,3,6,2,She/hers,Northeastern United States,3,4,MIDS,3
27,,1,1,0,0,0,,,,,1,,0,31 - 40,Treatment,6,Bachelor's Degree,2,4,6,6,5,6,Asexual,5,3,7,5,1,He/his,Not located in United States,6,5,MIDS,3
28,,0,1,0,0,0,,,,,0,,0,31 - 40,Treatment,5,Ph. D.,3,5,4,5,4,5,Heterosexual,4,6,6,5,4,He/his,Western United States,3,6,MIDS,4
31,,0,1,0,0,0,,,,,0,,1,22 - 30,Treatment,4,Some graduate college,1,4,4,4,4,4,Heterosexual,1,3,2,5,4,She/hers,Western United States,4,4,MIDS,4
33,,1,1,0,0,0,,,,,0,,0,22 - 30,Treatment,7,Some graduate college,1,7,4,6,2,6,Heterosexual,1,2,7,7,6,She/hers,Southwestern United States,6,3,MIDS,3
35,,0,1,0,0,0,,,,,0,,1,31 - 40,Treatment,4,Master's Degree,2,6,4,4,4,4,Heterosexual,6,6,6,4,4,He/his,Not located in United States,4,6,MIDS,4
37,,0,1,0,1,0,,,,,0,,1,22 - 30,Treatment,5,Master's Degree,5,6,5,5,4,5,Heterosexual,6,5,6,6,4,He/his,Western United States,6,4,MIDS,4
39,,1,1,0,0,0,,,,,0,,0,22 - 30,Treatment,4,Some graduate college,1,4,4,4,3,4,Heterosexual,2,2,1,5,4,He/his,Western United States,4,3,MIDS,3
41,,0,1,0,1,0,,,,,0,,0,31 - 40,Treatment,3,Ph. D.,3,3,3,3,2,3,Heterosexual,1,3,3,3,3,He/his,Western United States,5,3,MIDS,3
44,,0,1,0,0,0,,,,,0,,1,22 - 30,Treatment,7,Master's Degree,1,7,6,6,6,6,Heterosexual,2,2,5,7,6,He/his,Southeastern United States,6,6,MIDS,6